kind	file	page	n
pages	RM15	unknown	2
pages	let124	unknown	4
pages	let174		6
pages	let262	unknown	2
pages	let315	unknown	6
pages	let320	unknown	2
pages	let322	unknown	2
pages	let325	unknown	2
pages	let328	unknown	2
pages	let329	unknown	2
pages	let433	unknown	4
pages	let493	unknown	2
pages	let569	unknown	4
pages	let570	unknown	2
pages	let587	unknown	4
pages	let622	unknown	8
pages	let627	unknown	2
pages	let628	unknown	8
pages	let632	unknown	8
pages	let633	unknown	8
pages	let655	unknown	4
pages	let689	unknown	2
pages	let691	unknown	6
pages	let778	unknown	2
pages	let809	unknown	4
pages	let842	unknown	2
pages	let853	unknown	4
pages	let893	unknown	4
