file	width	height
043_1r	2861	1770
124_1r	2362	3467
124_1v	2358	3462
262_3r	657	366
314_1r	3116	4706
314_1v	3360	4731
315_1r	3618	5539
315_2r	5507	3289
315_2v	5484	3251
320_1r	3073	2389
320_1v	3082	2394
320_2r	1366	1008
325_1r	1330	1020
325_1v	1329	1025
325_2r	1335	1027
325_2v	1332	1023
325_3r	8185	6607
328_1r	5566	4364
328_2r	2404	1585
329_2r	2850	4350
412_1r	4778	3077
412_1v	4745	3034
412_2r	3226	1870
433_3r	4177	1792
433_4r	3891	2836
435_3r	1584	2461
435_3v	1566	2477
435_4r	1526	2373
435_4v	1740	2409
454_1r	6544	4960
454_1v	6739	4608
491_1r	2849	1877
491_1v	3298	2120
493_2r	797	455
569_1r	3392	2420
569_1v	3172	2420
569_2r	1629	2482
569_2v	1624	2481
570_1r	1681	2623
573_1r	5400	4328
573_1vL	2759	4350
575_1r	3329	2497
575_1v	3029	2354
587_1r	1558	2383
587_1v	1533	2345
596_1r	3436	2553
596_1v	3440	2566
598_1r	4216	3141
598_1rL	2120	3269
598_1rR	2100	3269
598_1v	4368	3392
598_1vL	2204	3392
598_1vR	2176	3392
599_1r	3182	2457
599_1v	6040	4660
612_1r	3191	2288
612_1v	3226	2301
618_1r	3905	2991
618_1v	3868	2974
622_1r	4256	2777
622_1v	4233	2756
622_2r	2110	1689
622_2v	2112	1683
622_3r	2064	1048
622_3v	2140	1082
627_1r	4732	3720
627_1rL	2366	3720
627_1rR	2362	3720
627_1v	4480	3452
627_1vL	2260	3452
627_1vR	2232	3452
627_2r	4912	4567
628_1r	2091	2717
628_1v	2090	2719
628_2r	2056	2677
628_2v	2002	2601
632_1r	2135	2760
632_1v	2094	2720
632_2r	2093	2723
632_2v	2100	2717
633_1r	2067	2678
633_1v	2120	2749
633_2r	1558	2386
633_2v	1556	2384
641_1r	1581	2440
641_1v	1759	2666
641_2r	1662	2535
641_2v	1644	2459
641_r_rec	3292	2466
641_v_rec	3562	2543
643_1r	3382	2638
643_1v	3395	2692
649_1r	3147	2382
649_1v	3208	2436
651_1r	4399	2800
651_1v	4288	2733
655_1r	4402	2732
655_1v	4278	2681
655_2r	1566	2410
655_2v	1533	2354
665_1r	2741	2176
665_1v	2731	2176
684_1r	3304	2479
684_1v	3313	2487
687_1r	2471	1901
687_1v	2332	1791
689_3r	3813	2997
690_1r	3249	2452
690_1v	3289	2447
691_2r	3296	5018
691_2v	5591	3313
691_3r	5398	3335
695_1r	2396	1861
695_1v	2392	1864
696_1r	3411	2502
696_1v	3400	2355
698_1r	3986	2900
698_1v	3304	2287
703_1r	3313	2494
703_1v	3324	2491
706_1r	2616	2071
706_1v	3096	2461
716_1r	796	634
716_1v	801	638
739_1r	5466	4133
739_1rL	2733	4133
739_1rR	2733	4133
739_1v	5408	4133
739_1vL	2733	4133
739_1vR	2656	4103
740_1r	3974	3093
740_1v	3957	3094
756_1r	3984	3089
756_1v	3998	3119
776_1r	13098	3488
776_1v	5815	4576
778_1r	2540	3358
809_1r	1553	2405
809_1v	1613	2497
821_1r	3200	2472
821_1rL	1649	2472
821_1rR	1648	2472
822_1r	4477	2758
822_1rL	2209	2746
822_1v	6438	3859
842_1r	1318	1017
842_1v	1323	1011
842_2r	3344	2560
849_1r	4300	3376
849_1rL	2160	3376
849_1rR	2140	3376
849_1v	4324	3380
849_1vL	2164	3380
849_1vR	2156	3380
851_1r	6405	4950
851_1v	6336	4895
853_1r	5367	6809
853_1v	5373	6922
871_1r	3379	2542
871_1rR	3436	2545
871_1v	3363	2546
883_1r	3393	2142
883_1v	3423	2143
887_1rR	3044	3939
893_1r	1880	2336
893_1v	1873	2324
B0242_01	2483	3861
B0242_02	2514	3884
RM15_n	3266	3740
VGM001000001_01_n	1719	2504
VGM001000001_02_n	1690	2512
VGM001000002_01_n	1720	2572
VGM001000002_02_n	1720	2580
VGM001000003_01_n	3292	2572
VGM001000003_02_n	3262	2566
VGM001000004_01_n	3274	2542
VGM001000004_02_n	3274	2584
VGM001000005_01_n	3274	2566
VGM001000005_02_n	3262	2560
VGM001000006_01_n	1702	2554
VGM001000006_02_n	1750	2554
VGM001000007_01_n	3262	2566
VGM001000007_02_n	3256	2578
VGM001000008_01_n	3298	2566
VGM001000008_02_n	3298	2572
VGM001000009_01_n	3106	2494
VGM001000009_02_n	3118	2500
VGM001000010_01_n	3070	2476
VGM001000010_02_n	3064	2470
VGM001000011_01_n	1720	2554
VGM001000011_02_n	1696	2536
VGM001000012_01_n	3076	2446
VGM001000012_02_n	3076	2452
VGM001000013_01_n	2746	2182
VGM001000013_02_n	2734	2182
VGM001000014_01_n	1432	2164
VGM001000014_02_n	1426	2164
VGM001000015_01_n	1600	2470
VGM001000015_02_n	1582	2452
VGM001000016_01_n	3082	2458
VGM001000016_02_n	3070	2470
VGM001000017_01_n	3070	2464
VGM001000017_02_n	3082	2440
VGM001000018_01_n	1732	2524
VGM001000018_02_n	1720	2512
VGM001000019_01_n	3082	2452
VGM001000019_02_n	3100	2470
VGM001000020_01_n	3068	2452
VGM001000020_02_n	3082	2464
VGM001000021_01_n	3070	2458
VGM001000021_02_n	3063	2464
VGM001000022_01_n	1360	1691
VGM001000022_02_n	1366	1691
VGM001000023_01_n	1708	2692
VGM001000023_02_n	1702	2692
VGM001000024_01_n	3094	2458
VGM001000024_02_n	3082	2464
VGM001000025_01_n	2752	2236
VGM001000025_02_n	2752	2218
VGM001000026_01_n	2159	1396
VGM001000026_02_n	2143	1384
VGM001000027_01_n	2746	2146
VGM001000027_02_n	2764	2164
VGM001000028_01_n	3088	2482
VGM001000028_02_n	3076	2488
VGM001000029_01_n	1764	1019
VGM001000029_02_n	1780	1063
VGM001000030_01_n	3280	2614
VGM001000030_02_n	3292	2608
VGM001000031_01_n	3310	2554
VGM001000031_02_n	3292	2554
VGM001000032_01_n	3321	2554
VGM001000032_02_n	3310	2560
VGM001000033_01_n	3112	2482
VGM001000033_02_n	3118	2476
VGM001000034_01_n	1624	2488
VGM001000034_02_n	1618	2476
VGM001000035_01_n	3082	2458
VGM001000035_02_n	3082	2458
VGM001000036_01_n	1444	2170
VGM001000036_02_n	1426	2176
VGM001000037_01_n	3238	2512
VGM001000037_02_n	3244	2518
VGM001000038_01_n	3333	2602
VGM001000038_02_n	3315	2614
VGM001000039_01_n	3303	2584
VGM001000039_02_n	3315	2614
VGM001000040_01_n	3303	2608
VGM001000040_02_n	3345	2620
VGM001000041_01_n	3286	2608
VGM001000041_02_n	3304	2608
VGM001000042_01_n	3309	2614
VGM001000042_02_n	3316	2626
VGM001000043_01_n	3309	2620
VGM001000043_02_n	3357	2650
VGM001000044_01_n	3333	2614
VGM001000044_02_n	3333	2596
VGM001000045_01_n	3322	2614
VGM001000045_02_n	3328	2608
VGM001000046_01_n	3333	2620
VGM001000046_02_n	3339	2608
VGM001000047_01_n	2638	1674
VGM001000047_02_n	2614	1686
VGM001000048_01_n	3405	2662
VGM001000048_02_n	3429	2674
VGM001000049_01_n	1720	2566
VGM001000049_02_n	1720	2554
VGM001000050_01_n	3316	2614
VGM001000050_02_n	3327	2608
VGM001000051_01_n	3268	2564
VGM001000051_02_n	3268	2584
VGM001000052_01_n	1696	1123
VGM001000052_02_n	1656	1099
VGM001000053_01_n	3321	2614
VGM001000053_02_n	3304	2608
VGM001000054_01_n	2590	1679
VGM001000054_02_n	2590	1685
VGM001000055_01_n	3274	2578
VGM001000055_02_n	3274	2578
VGM001000056_01_n	3334	2596
VGM001000056_02_n	3321	2584
VGM001000057_01_n	3262	2572
VGM001000057_02_n	3273	2575
VGM001000058_01_n	3286	2584
VGM001000058_02_n	3292	2578
VGM001000059_01_n	3303	2602
VGM001000059_02_n	3286	2590
VGM001000060_01_n	1720	2662
VGM001000060_02_n	1642	2602
VGM001000061_01_n	2578	1638
VGM001000061_02_n	2554	1650
VGM001000062_01_n	3226	2632
VGM001000062_02_n	3214	2620
VGM001000063_01_n	3250	2632
VGM001000063_02_n	3208	2626
VGM001000064_01_n	3190	2608
VGM001000064_02_n	3208	2626
VGM001000065_01_n	3202	2614
VGM001000065_02_n	3178	2620
VGM001000066_01_n	3304	2626
VGM001000066_02_n	3286	2614
VGM001000067_01_n	3220	2632
VGM001000067_02_n	3244	2632
VGM001000068_01_n	3226	2620
VGM001000068_02_n	3232	2626
VGM001000069_01_n	3250	2626
VGM001000069_02_n	3274	2632
VGM001000070_01_n	3274	2572
VGM001000070_02_n	3268	2578
VGM001000071_01_n	3268	2656
VGM001000071_02_n	3244	2644
VGM001000072_01_n	3231	2626
VGM001000072_02_n	3226	2650
VGM001000073_01_n	3268	2668
VGM001000073_02_n	3256	2674
VGM001000074_01_n	3256	2662
VGM001000074_02_n	3232	2656
VGM001000075_01_n	3298	2584
VGM001000075_02_n	3292	2572
VGM001000076_01_n	3304	2596
VGM001000076_02_n	3324	2608
VGM001000077_01_n	2776	2176
VGM001000077_02_n	2758	2164
VGM001000077_03_n	1925	1548
VGM001000077_04_n	1644	1322
VGM001000078_01_n	1438	2176
VGM001000078_02_n	1444	2194
VGM001000079_01_n	2770	2206
VGM001000079_02_n	2752	2176
VGM001000080_01_n	2758	2200
VGM001000080_02_n	2740	2194
VGM001000081_01_n	2764	2194
VGM001000081_02_n	2728	2140
VGM001000082_01_n	2703	2136
VGM001000082_02_n	2740	2182
VGM001000083_01_n	2752	2200
VGM001000083_02_n	2746	2200
VGM001000084_01_n	1426	1973
VGM001000084_02_n	1414	1973
VGM001000085_01_n	2764	2170
VGM001000085_02_n	2758	2158
VGM001000086_01_n	2716	2200
VGM001000086_02_n	2716	2224
VGM001000087_01_n	1444	2146
VGM001000087_02_n	1450	2170
VGM001000088_01_n	2764	2170
VGM001000088_02_n	2782	2170
VGM001000089_01_n	2752	2158
VGM001000089_02_n	2764	2164
VGM001000090_01_n	2782	2188
VGM001000090_02_n	2782	2164
VGM001000091_01_n	1438	2182
VGM001000091_02_n	1444	2188
VGM001000092_01_n	1222	937
VGM001000092_02_n	1258	949
VGM001000093_01_n	2698	2530
VGM001000093_02_n	2704	2536
VGM001000094_01_n	3387	2524
VGM001000094_02_n	3351	2530
VGM001000095_01_n	2578	2512
VGM001000095_02_n	2590	2512
VGM001000096_01_n	1444	2164
VGM001000096_02_n	1438	2164
VGM001000097_01_n	2662	2512
VGM001000097_02_n	2674	2542
VGM001000098_01_n	2494	2028
VGM001000098_02_n	2464	1976
VGM001000099_01_n	2488	1987
VGM001000099_02_n	2476	1977
VGM001000100_01_n	2482	2020
VGM001000100_02_n	2448	1984
VGM001000101_01_n	1444	2146
VGM001000101_02_n	1432	2146
VGM001000102_01_n	1246	1922
VGM001000102_02_n	1288	1949
VGM001000103_01_n	1264	1949
VGM001000103_02_n	1276	1979
VGM001000104_01_n	1252	1961
VGM001000104_02_n	1242	1947
VGM001000105_01_n	2770	2176
VGM001000105_02_n	2782	2170
VGM001000106_01_n	2758	2194
VGM001000106_02_n	2770	2194
VGM001000107_01_n	1432	2172
VGM001000107_02_n	1432	2176
VGM001000109_01_n	3286	2512
VGM001000109_02_n	3286	2530
VGM001000110_01_n	3276	2554
VGM001000110_02_n	3300	2568
VGM001000111_01_n	1684	2518
VGM001000111_02_n	1684	2512
VGM001000112_01_n	1366	1698
VGM001000112_02_n	1342	1680
VGM001000113_01_n	1420	2188
VGM001000113_02_n	1420	2206
VGM001000114_01_n	3286	2542
VGM001000114_02_n	3286	2542
VGM001000115_01_n	3275	2552
VGM001000115_02_n	3321	2584
VGM001000116_01_n	3292	2584
VGM001000116_02_n	3286	2584
VGM001000117_01_n	1468	2170
VGM001000117_02_n	1450	2164
VGM001000118_01_n	3202	2524
VGM001000118_02_n	3226	2518
VGM001000119_01_n	1720	2542
VGM001000119_02_n	1696	2530
VGM001000120_01_n	3316	2560
VGM001000120_02_n	3310	2536
VGM001000121_01_n	3298	2584
VGM001000121_02_n	3280	2566
VGM001000122_01_n	1906	2746
VGM001000122_02_n	1936	2740
VGM001000123_01_n	1888	2716
VGM001000123_02_n	1882	2734
VGM001000124_01_n	1876	2734
VGM001000124_02_n	1888	2734
VGM001000125_01_n	1912	2752
VGM001000125_02_n	1894	2746
VGM001000126_01_n	1900	2710
VGM001000126_02_n	1906	2698
VGM001000127_01_n	3992	2522
VGM001000127_02_n	4002	2548
VGM001000128_01_n	3447	2704
VGM001000128_02_n	3453	2680
VGM001000129_01_n	1894	2728
VGM001000129_02_n	1865	2693
VGM001000130_01_n	1906	2752
VGM001000130_02_n	1906	2770
VGM001000131_01_n	1882	2758
VGM001000131_02_n	1900	2728
VGM001000132_01_n	1936	2740
VGM001000132_02_n	1942	2734
VGM001000133_01_n	1918	2758
VGM001000133_02_n	1924	2770
VGM001000134_01_n	1936	2782
VGM001000134_02_n	1900	2752
VGM001000135_01_n	1900	2776
VGM001000135_02_n	1894	2758
VGM001000136_01_n	3405	2566
VGM001000136_02_n	3417	2566
VGM001000137_01_n	1876	2746
VGM001000137_02_n	1888	2752
VGM001000138_01_n	3297	2497
VGM001000138_02_n	3283	2494
VGM001000139_01_n	2961	2388
VGM001000139_02_n	2954	2411
VGM001000140_01_n	3024	2403
VGM001000140_02_n	3074	2427
VGM001000141_01_n	3010	2134
VGM001000141_02_n	3016	2152
VGM001000142_01_n	2966	1954
VGM001000142_02_n	2979	1954
VGM001000143_01_n	3205	2519
VGM001000143_02_n	3198	2505
VGM001000144_01_n	1696	2530
VGM001000144_02_n	1655	2514
VGM001000145_01_n	3291	2536
VGM001000145_02_n	3304	2590
VGM001000146_01_n	3263	2528
VGM001000146_02_n	3334	2578
VGM001000147_01_n	3242	2498
VGM001000147_02_n	3298	2572
VGM001000148_01_n	3284	2556
VGM001000148_02_n	3275	2544
VGM001000149_01_n	3266	2553
VGM001000149_02_n	3262	2527
VGM001000150_01_n	3275	2558
VGM001000150_02_n	3263	2537
VGM001000151_01_n	3316	2602
VGM001000151_02_n	3352	2584
VGM001000152_01_n	1720	2572
VGM001000152_02_n	1720	2566
VGM001000153_01_n	1301	1629
VGM001000153_02_n	1301	1640
VGM001000154_01_n	3277	2711
VGM001000154_02_n	3341	2721
VGM001000155_01_n	3245	2550
VGM001000155_02_n	3286	2590
VGM001000156_01_n	1690	2596
VGM001000156_02_n	1720	2566
VGM001000157_01_n	3304	2572
VGM001000157_02_n	3298	2566
VGM001000158_01_n	3268	2650
VGM001000158_02_n	3250	2632
VGM001000159_01_n	1720	2620
VGM001000159_02_n	1720	2608
VGM001000160_01_n	3339	2596
VGM001000160_02_n	3327	2620
VGM001000161_01_n	3334	2638
VGM001000161_02_n	3310	2614
VGM001000162_01_n	3322	2644
VGM001000162_02_n	3322	2626
VGM001000163_01_n	1678	2494
VGM001000163_02_n	1690	2506
VGM001000164_01_n	2488	1624
VGM001000164_02_n	2492	1636
VGM001000165_01_n	3291	2560
VGM001000165_02_n	3274	2590
VGM001000166_01_n	3292	2530
VGM001000166_02_n	3298	2584
VGM001000167_01_n	3322	2584
VGM001000167_02_n	3333	2596
VGM001000168_01_n	3272	2541
VGM001000168_02_n	3286	2590
VGM001000169_01_n	3273	2614
VGM001000169_02_n	3274	2620
VGM001000170_01_n	3286	2602
VGM001000170_02_n	3270	2556
VGM001000171_01_n	3310	2584
VGM001000171_02_n	3304	2572
VGM001000172_01_n	3351	2602
VGM001000172_02_n	3280	2536
VGM001000173_01_n	3316	2548
VGM001000173_02_n	3280	2530
VGM001000174_01_n	3286	2566
VGM001000174_02_n	3298	2572
VGM001000175_01_n	1684	2512
VGM001000175_02_n	1684	2512
VGM001000176_01_n	1342	1662
VGM001000176_02_n	1312	1662
VGM001000177_01_n	1696	2518
VGM001000177_02_n	1702	2512
VGM001000178_01_n	2554	1733
VGM001000178_02_n	2524	1727
VGM001000179_01_n	1720	2572
VGM001000179_02_n	1690	2548
VGM001000180_01_n	3208	2542
VGM001000180_02_n	3202	2512
VGM001000181_01_n	3220	2550
VGM001000181_02_n	3220	2536
VGM001000182_01_n	3286	2566
VGM001000182_02_n	3327	2578
VGM001000183_01_n	3220	2536
VGM001000183_02_n	3226	2566
VGM001000184_01_n	2848	2254
VGM001000184_02_n	2842	2266
VGM001000185_01_n	3262	2572
VGM001000185_02_n	3256	2572
VGM001000186_01_n	3256	2572
VGM001000186_02_n	3261	2548
VGM001000187_01_n	1702	2578
VGM001000187_02_n	1660	2530
VGM001000188_01_n	3238	2572
VGM001000188_02_n	3274	2584
VGM001000189_01_n	3238	2566
VGM001000189_02_n	3244	2572
VGM001000190_01_n	3244	2572
VGM001000190_02_n	3226	2566
VGM001000191_01_n	1348	1686
VGM001000191_02_n	1336	1650
VGM001000192_01_n	3244	2548
VGM001000192_02_n	3238	2536
VGM001000193_01_n	3292	2554
VGM001000193_02_n	3291	2572
VGM001000194_01_n	3243	2526
VGM001000194_02_n	3279	2578
VGM001000195_01_n	3274	2590
VGM001000195_02_n	3268	2578
VGM001000196_01_n	3250	2554
VGM001000196_02_n	3244	2554
VGM001000197_01_n	3249	2578
VGM001000197_02_n	3244	2560
VGM001000198_01_n	3232	2554
VGM001000198_02_n	3256	2572
VGM001000199_01_n	1678	2560
VGM001000199_02_n	1678	2542
VGM001000200_01_n	3262	2560
VGM001000200_02_n	3268	2566
VGM001000201_01_n	3204	2532
VGM001000201_02_n	3204	2528
VGM001000202_01_n	3220	2512
VGM001000202_02_n	3208	2512
VGM001000203_01_n	3204	2508
VGM001000203_02_n	3208	2512
VGM001000204_01_n	3260	2544
VGM001000204_02_n	3264	2540
VGM001000205_01_n	3252	2536
VGM001000205_02_n	3256	2544
VGM001000206_01_n	3264	2544
VGM001000206_02_n	3244	2532
VGM001000207_01_n	3188	2504
VGM001000207_02_n	3192	2512
VGM001000208_01_n	3168	2496
VGM001000208_02_n	3180	2512
VGM001000209_01_n	1648	2496
VGM001000209_02_n	1644	2508
VGM001000210_01_n	1644	2512
VGM001000210_02_n	1636	2512
VGM001000211_01_n	1632	2512
VGM001000211_02_n	1652	2548
VGM001000212_01_n	3292	2528
VGM001000212_02_n	3300	2532
VGM001000213_01_n	3264	2532
VGM001000213_02_n	3256	2528
VGM001000214_01_n	2912	2308
VGM001000214_02_n	2912	2304
VGM001000215_01_n	3312	2512
VGM001000215_02_n	3316	2512
VGM001000216_01_n	3276	2556
VGM001000216_02_n	3272	2552
VGM001000217_01_n	3272	2556
VGM001000217_02_n	3264	2556
VGM001000218_01_n	3268	2548
VGM001000218_02_n	3264	2556
VGM001000219_01_n	2592	1453
VGM001000219_02_n	2580	1469
VGM001000220_01_n	3248	2528
VGM001000220_02_n	3256	2532
VGM001000221_01_n	3268	2540
VGM001000221_02_n	3268	2540
VGM001000222_01_n	3264	2524
VGM001000222_02_n	3268	2536
VGM001000223_01_n	3248	2532
VGM001000223_02_n	3260	2532
VGM001000224_01_n	1672	2536
VGM001000224_02_n	1668	2532
VGM001000225_01_n	3256	2536
VGM001000225_02_n	3260	2520
VGM001000226_01_n	3248	2528
VGM001000226_02_n	3240	2528
VGM001000227_01_n	3248	2536
VGM001000227_02_n	3236	2528
VGM001000228_01_n	3256	2536
VGM001000228_02_n	3252	2536
VGM001000229_01_n	1664	1189
VGM001000229_02_n	1668	1186
VGM001000230_01_n	3232	2540
VGM001000230_02_n	3248	2544
VGM001000231_01_n	3228	2532
VGM001000231_02_n	3228	2532
VGM001000232_01_n	3244	2532
VGM001000232_02_n	3244	2536
VGM001000233_01_n	3232	2532
VGM001000233_02_n	3248	2528
VGM001000234_01_n	3300	2524
VGM001000234_02_n	3316	2520
VGM001000235_01_n	3256	2528
VGM001000235_02_n	3264	2540
VGM001000236_01_n	3268	2552
VGM001000236_02_n	3244	2552
VGM001000237_01_n	3192	2548
VGM001000237_02_n	3160	2576
VGM001000238_01_n	3272	2512
VGM001000238_02_n	3232	2505
VGM001000239_01_n	3280	2544
VGM001000239_02_n	3288	2540
VGM001000240_01_n	3280	2528
VGM001000240_02_n	3280	2536
VGM001000241_01_n	3272	2532
VGM001000241_02_n	3264	2540
VGM001000242_01_n	1664	1302
VGM001000242_02_n	1636	1290
VGM001000243_01_n	3264	2512
VGM001000243_02_n	3276	2536
VGM001000244_01_n	3284	2596
VGM001000244_02_n	3252	2624
VGM001000245_01_n	2588	1636
VGM001000245_02_n	2572	1644
VGM001000246_01_n	3300	2560
VGM001000246_02_n	3288	2544
VGM001000247_01_n	3284	2524
VGM001000247_02_n	3284	2512
VGM001000248_01_n	3288	2532
VGM001000248_02_n	3292	2512
VGM001000249_01_n	3260	2532
VGM001000249_02_n	3252	2524
VGM001000250_01_n	1660	2532
VGM001000250_02_n	1656	2532
VGM001000251_01_n	1633	1294
VGM001000251_02_n	1633	1288
VGM001000252_01_n	3228	2544
VGM001000252_02_n	3264	2548
VGM001000253_01_n	3244	2544
VGM001000253_02_n	3256	2552
VGM001000254_01_n	1740	2552
VGM001000254_02_n	1720	2548
VGM001000255_01_n	1690	1128
VGM001000255_02_n	1699	1130
VGM001000256_01_n	3197	2541
VGM001000256_02_n	3256	2564
VGM001000257_01_n	2596	1760
VGM001000257_02_n	2575	1738
VGM001000258_01_n	3288	2512
VGM001000258_02_n	3304	2509
VGM001000259_01_n	3256	2532
VGM001000259_02_n	3244	2520
VGM001000260_01_n	3172	2524
VGM001000260_02_n	3177	2570
VGM001000261_01_n	3252	2524
VGM001000261_02_n	3240	2512
VGM001000262_01_n	3252	2556
VGM001000262_02_n	3256	2544
VGM001000263_01_n	1632	2512
VGM001000263_02_n	1636	2512
VGM001000264_01_n	3208	2512
VGM001000264_02_n	3248	2532
VGM001000265_01_n	1686	1135
VGM001000265_02_n	1671	1123
VGM001000266_01_n	3232	2577
VGM001000266_02_n	3248	2564
VGM001000267_01_n	2776	1588
VGM001000267_02_n	2788	1612
VGM001000268_01_n	3225	2537
VGM001000268_02_n	3244	2552
VGM001000269_01_n	3280	2572
VGM001000269_02_n	3272	2576
VGM001000270_01_n	3268	2572
VGM001000270_02_n	3213	2554
VGM001000271_01_n	3268	2564
VGM001000271_02_n	3296	2572
VGM001000272_01_n	3268	2564
VGM001000272_02_n	3256	2568
VGM001000273_01_n	1692	2548
VGM001000273_02_n	1720	2560
VGM001000274_01_n	3256	2564
VGM001000274_02_n	3296	2592
VGM001000275_01_n	3268	2568
VGM001000275_02_n	3268	2568
VGM001000276_01_n	3272	2548
VGM001000276_02_n	3264	2556
VGM001000277_01_n	3284	2556
VGM001000277_02_n	3260	2536
VGM001000278_01_n	3276	2544
VGM001000278_02_n	3280	2568
VGM001000279_01_n	3316	2580
VGM001000279_02_n	3276	2580
VGM001000280_01_n	1684	2532
VGM001000280_02_n	1672	2536
VGM001000281_01_n	3244	2528
VGM001000281_02_n	3240	2552
VGM001000282_01_n	3224	2536
VGM001000282_02_n	3244	2524
VGM001000283_01_n	3248	2564
VGM001000283_02_n	3244	2544
VGM001000284_01_n	3196	2512
VGM001000284_02_n	3212	2540
VGM001000285_01_n	3240	2536
VGM001000285_02_n	3244	2532
VGM001000286_01_n	3288	2552
VGM001000286_02_n	3284	2552
VGM001000287_01_n	1716	2536
VGM001000287_02_n	1676	2548
VGM001000288_01_n	3312	2556
VGM001000288_02_n	3304	2568
VGM001000289_01_n	3252	2540
VGM001000289_02_n	3232	2568
VGM001000290_01_n	1712	2544
VGM001000290_02_n	1664	2544
VGM001000291_01_n	3262	2584
VGM001000291_02_n	3198	2519
VGM001000292_01_n	1668	2544
VGM001000292_02_n	1664	2556
VGM001000293_01_n	2536	1660
VGM001000293_02_n	1684	2552
VGM001000294_01_n	1652	1676
VGM001000294_02_n	1660	1680
VGM001000295_01_n	3248	2540
VGM001000295_02_n	3248	2552
VGM001000296_01_n	1720	2552
VGM001000296_02_n	1672	2560
VGM001000297_01_n	1678	1684
VGM001000297_02_n	1666	1690
VGM001000298_01_n	3232	2552
VGM001000298_02_n	3236	2552
VGM001000299_01_n	1671	2545
VGM001000299_02_n	1645	2534
VGM001000300_01_n	3328	2704
VGM001000300_02_n	3324	2708
VGM001000301_01_n	3200	2536
VGM001000301_02_n	3232	2564
VGM001000302_01_n	3250	2572
VGM001000302_02_n	3243	2529
VGM001000303_01_n	3260	2534
VGM001000303_02_n	3260	2548
VGM001000304_01_n	3244	2544
VGM001000304_02_n	3252	2532
VGM001000305_01_n	1312	1660
VGM001000305_02_n	1328	1652
VGM001000306_01_n	3212	2516
VGM001000306_02_n	3192	2524
VGM001000307_01_n	1648	2528
VGM001000307_02_n	1664	2520
VGM001000308_01_n	1656	2540
VGM001000308_02_n	1640	2520
VGM001000309_01_n	3192	2532
VGM001000309_02_n	3216	2512
VGM001000310_01_n	1656	2512
VGM001000310_02_n	1640	2512
VGM001000311_01_n	1708	2488
VGM001000311_02_n	1632	2508
VGM001000312_01_n	1720	2540
VGM001000312_02_n	1720	2552
VGM001000313_01_n	3260	2528
VGM001000313_02_n	3256	2536
VGM001000314_01_n	3328	2552
VGM001000314_02_n	3312	2576
VGM001000315_01_n	3308	2568
VGM001000315_02_n	3316	2564
VGM001000316_01_n	1720	2546
VGM001000316_02_n	1720	2556
VGM001000317_01_n	3320	2576
VGM001000317_02_n	3304	2556
VGM001000318_01_n	3292	2552
VGM001000318_02_n	3304	2560
VGM001000319_01_n	3236	2564
VGM001000319_02_n	3228	2572
VGM001000320_01_n	3260	2528
VGM001000320_02_n	3272	2560
VGM001000321_01_n	3280	2540
VGM001000321_02_n	3284	2532
VGM001000322_01_n	1720	2572
VGM001000322_02_n	1720	2540
VGM001000323_01_n	3288	2528
VGM001000323_02_n	3272	2532
VGM001000324_01_n	1908	2692
VGM001000324_02_n	1924	2688
VGM001000325_01_n	3292	2544
VGM001000325_02_n	3268	2560
VGM001000326_01_n	3288	2568
VGM001000326_02_n	3300	2556
VGM001000327_01_n	3268	2552
VGM001000327_02_n	3268	2572
VGM001000328_01_n	3292	2564
VGM001000328_02_n	3288	2576
VGM001000329_01_n	3268	2564
VGM001000329_02_n	3252	2548
VGM001000330_01_n	3234	2515
VGM001000330_02_n	3284	2540
VGM001000331_01_n	3260	2536
VGM001000331_02_n	3284	2568
VGM001000332_01_n	3256	2580
VGM001000332_02_n	3300	2552
VGM001000333_01_n	3228	2513
VGM001000333_02_n	3264	2548
VGM001000334_01_n	1684	1692
VGM001000334_02_n	1668	1691
VGM001000335_01_n	3288	2556
VGM001000335_02_n	3268	2544
VGM001000336_01_n	1688	2340
VGM001000336_02_n	1680	2364
VGM001000337_01_n	3219	2536
VGM001000337_02_n	3248	2544
VGM001000338_01_n	3260	2560
VGM001000338_02_n	3252	2564
VGM001000339_01_n	3284	2556
VGM001000339_02_n	3242	2526
VGM001000340_01_n	3256	2544
VGM001000340_02_n	3268	2544
VGM001000341_01_n	1684	2540
VGM001000341_02_n	1664	2532
VGM001000342_01_n	1672	2044
VGM001000342_02_n	1672	2024
VGM001000343_01_n	3288	2544
VGM001000343_02_n	3292	2548
VGM001000344_01_n	3312	2564
VGM001000344_02_n	3300	2560
VGM001000345_01_n	3300	2564
VGM001000345_02_n	3304	2572
VGM001000346_01_n	1638	900
VGM001000346_02_n	1626	900
VGM001000347_01_n	3316	2568
VGM001000347_02_n	3300	2572
VGM001000348_01_n	3288	2564
VGM001000348_02_n	3268	2588
VGM001000349_01_n	3272	2552
VGM001000349_02_n	3276	2556
VGM001000350_01_n	3284	2556
VGM001000350_02_n	3260	2556
VGM001000351_01_n	1724	2548
VGM001000351_02_n	1720	2540
VGM001000352_01_n	1724	2568
VGM001000352_02_n	1708	2548
VGM001000353_01_n	3264	2584
VGM001000353_02_n	3284	2576
VGM001000354_01_n	3332	2596
VGM001000354_02_n	3352	2568
VGM001000355_01_n	3272	2571
VGM001000355_02_n	3272	2568
VGM001000356_01_n	3272	2580
VGM001000356_02_n	3272	2568
VGM001000357_01_n	1645	2547
VGM001000357_02_n	1704	2560
VGM001000358_01_n	3272	2580
VGM001000358_02_n	3272	2571
VGM001000359_01_n	1645	2530
VGM001000359_02_n	1649	2529
VGM001000360_01_n	3272	2576
VGM001000360_02_n	3244	2526
VGM001000360_02_nL	1617	2526
VGM001000360_02_nR	1625	2526
VGM001000361_01_n	3183	2457
VGM001000361_02_n	3197	2457
VGM001000362_01_n	1614	2455
VGM001000362_02_n	1629	2462
VGM001000363_01_n	3272	2560
VGM001000363_02_n	3272	2560
VGM001000364_01_n	1680	2552
VGM001000364_02_n	1700	2548
VGM001000365_01_n	3272	2548
VGM001000365_02_n	3228	2540
VGM001000366_01_n	3224	2556
VGM001000366_02_n	3232	2541
VGM001000367_01_n	3272	2580
VGM001000367_02_n	3272	2580
VGM001000368_01_n	3272	2580
VGM001000368_02_n	3272	2580
VGM001000369_01_n	1644	2484
VGM001000369_02_n	1648	2464
VGM001000370_01_n	3272	2580
VGM001000370_02_n	3272	2580
VGM001000371_01_n	1732	2536
VGM001000371_02_n	1641	2507
VGM001000372_01_n	3272	2480
VGM001000372_02_n	3242	2488
VGM001000373_01_n	3228	2492
VGM001000373_02_n	3232	2484
VGM001000374_01_n	3217	2498
VGM001000374_02_n	3201	2467
VGM001000375_01_n	1292	1642
VGM001000375_02_n	1290	1648
VGM001000376_01_n	3260	2464
VGM001000376_02_n	3251	2472
VGM001000377_01_n	3240	2492
VGM001000377_02_n	3228	2472
VGM001000378_01_n	3242	2481
VGM001000378_02_n	3254	2473
VGM001000379_01_n	3240	2553
VGM001000379_02_n	3234	2553
VGM001000380_01_n	3202	2564
VGM001000380_02_n	3209	2556
VGM001000381_01_n	3239	2580
VGM001000381_02_n	3236	2559
VGM001000382_01_n	3272	2580
VGM001000382_02_n	3272	2580
VGM001000383_01_n	3272	2580
VGM001000383_02_n	3272	2580
VGM001000384_01_n	3316	2568
VGM001000384_02_n	3308	2580
VGM001000385_01_n	1722	2566
VGM001000385_02_n	1708	2543
VGM001000386_01_n	3288	2584
VGM001000386_02_n	3277	2568
VGM001000387_01_n	3252	2550
VGM001000387_02_n	3272	2550
VGM001000388_01_n	3272	2556
VGM001000388_02_n	3245	2550
VGM001000389_01_n	3272	2579
VGM001000389_02_n	3243	2565
VGM001000390_01_n	3236	2521
VGM001000390_02_n	3272	2550
VGM001000391_01_n	3272	2562
VGM001000391_02_n	3272	2556
VGM001000392_01_n	3254	2547
VGM001000392_02_n	3272	2552
VGM001000393_01_n	3272	2553
VGM001000393_02_n	3272	2545
VGM001000394_01_n	1688	2568
VGM001000394_02_n	1720	2540
VGM001000395_01_n	3272	2549
VGM001000395_02_n	3272	2556
VGM001000396_01_n	3272	2550
VGM001000396_02_n	3272	2541
VGM001000397_01_n	3225	2508
VGM001000397_02_n	3272	2541
VGM001000398_01_n	1700	2552
VGM001000398_02_n	1708	2528
VGM001000399_01_n	3272	2580
VGM001000399_02_n	3272	2580
VGM001000400_01_n	3237	2547
VGM001000400_02_n	3201	2523
VGM001000401_01_n	3176	2512
VGM001000401_02_n	3168	2500
VGM001000402_01_n	3264	2524
VGM001000402_02_n	3260	2528
VGM001000403_01_n	1692	2512
VGM001000403_02_n	1684	2512
VGM001000404_01_n	3232	2528
VGM001000404_02_n	3224	2516
VGM001000405_01_n	3192	2524
VGM001000405_02_n	3188	2512
VGM001000406_01_n	3184	2524
VGM001000406_02_n	3180	2512
VGM001000407_01_n	1636	2520
VGM001000407_02_n	1640	2528
VGM001000408_01_n	3204	2504
VGM001000408_02_n	3216	2504
VGM001000409_01_n	3232	2528
VGM001000409_02_n	3224	2524
VGM001000410_01_n	3240	2536
VGM001000410_02_n	3220	2504
VGM001000411_01_n	1680	2506
VGM001000411_02_n	1684	2524
VGM001000412_01_n	3228	2540
VGM001000412_02_n	3216	2512
VGM001000413_01_n	1648	2524
VGM001000413_02_n	1644	2520
VGM001000414_01_n	3226	2500
VGM001000414_02_n	3220	2532
VGM001000415_01_n	3188	2536
VGM001000415_02_n	3188	2524
VGM001000416_01_n	3220	2528
VGM001000416_02_n	3200	2520
VGM001000417_01_n	3248	2540
VGM001000417_02_n	3256	2524
VGM001000418_01_n	3236	2540
VGM001000418_02_n	3252	2528
VGM001000419_01_n	2532	1644
VGM001000419_02_n	2540	1652
VGM001000420_01_n	3252	2508
VGM001000420_02_n	3260	2520
VGM001000421_01_n	1692	2525
VGM001000421_02_n	1680	2516
VGM001000422_01_n	3268	2528
VGM001000422_02_n	3280	2536
VGM001000423_01_n	1672	2532
VGM001000423_02_n	1676	2536
VGM001000424_01_n	3272	2544
VGM001000424_02_n	3252	2548
VGM001000425_01_n	1688	1138
VGM001000425_02_n	1712	1154
VGM001000426_01_n	3256	2532
VGM001000426_02_n	3252	2536
VGM001000427_01_n	3244	2544
VGM001000427_02_n	3252	2536
VGM001000428_01_n	1680	2540
VGM001000428_02_n	1671	2522
VGM001000429_01_n	3260	2520
VGM001000429_02_n	3232	2532
VGM001000430_01_n	3236	2604
VGM001000430_02_n	3232	2592
VGM001000431_01_n	1672	2528
VGM001000431_02_n	1692	2532
VGM001000432_01_n	3264	2536
VGM001000432_02_n	3276	2536
VGM001000433_01_n	3276	2536
VGM001000433_02_n	3264	2524
VGM001000434_01_n	3256	2548
VGM001000434_02_n	3244	2544
VGM001000435_01_n	3288	2548
VGM001000435_02_n	3292	2556
VGM001000436_01_n	1676	2548
VGM001000436_02_n	1664	2536
VGM001000437_01_n	3236	2572
VGM001000437_02_n	3252	2570
VGM001000438_01_n	3280	2528
VGM001000438_02_n	3272	2552
VGM001000439_01_n	3292	2536
VGM001000439_02_n	3288	2548
VGM001000440_01_n	1688	2528
VGM001000440_02_n	1700	2524
VGM001000441_01_n	3200	2528
VGM001000441_02_n	3204	2516
VGM001000442_01_n	3236	2540
VGM001000442_02_n	3232	2548
VGM001000443_01_n	3272	2520
VGM001000443_02_n	3264	2512
VGM001000444_01_n	3260	2532
VGM001000444_02_n	3272	2528
VGM001000445_01_n	3276	2532
VGM001000445_02_n	3272	2520
VGM001000446_01_n	3264	2528
VGM001000446_02_n	3260	2516
VGM001000447_01_n	3272	2532
VGM001000447_02_n	3272	2528
VGM001000448_01_n	3260	2528
VGM001000448_02_n	3276	2540
VGM001000448r_01_n	3260	2528
VGM001000449_01_n	1712	1133
VGM001000449_02_n	1689	1129
VGM001000450_01_n	3264	2533
VGM001000450_02_n	3272	2548
VGM001000451_01_n	3268	2520
VGM001000451_02_n	3280	2540
VGM001000452_01_n	1696	2520
VGM001000452_02_n	1688	2524
VGM001000453_01_n	3288	2524
VGM001000453_02_n	3304	2536
VGM001000454_01_n	3300	2544
VGM001000454_02_n	3296	2548
VGM001000455_01_n	3252	2560
VGM001000455_02_n	3256	2560
VGM001000456_01_n	3240	2540
VGM001000456_02_n	3236	2564
VGM001000457_01_n	3304	2548
VGM001000457_02_n	3300	2548
VGM001000458_01_n	3248	2544
VGM001000458_02_n	3236	2560
VGM001000459_01_n	3252	2544
VGM001000459_02_n	3248	2532
VGM001000460_01_n	3248	2528
VGM001000460_02_n	3260	2548
VGM001000461_01_n	3240	2548
VGM001000461_02_n	3248	2540
VGM001000462_01_n	3272	2548
VGM001000462_02_n	3264	2532
VGM001000463_01_n	3244	2544
VGM001000463_02_n	3240	2544
VGM001000464_01_n	3244	2532
VGM001000464_02_n	3244	2536
VGM001000465_01_n	3232	2540
VGM001000465_02_n	3236	2544
VGM001000466_01_n	3236	2552
VGM001000466_02_n	3232	2544
VGM001000467_01_n	3244	2552
VGM001000467_02_n	3240	2552
VGM001000468_01_n	3260	2536
VGM001000468_02_n	3260	2540
VGM001000469_01_n	3236	2528
VGM001000469_02_n	3244	2552
VGM001000470_01_n	1680	2540
VGM001000470_02_n	1656	2524
VGM001000471_01_n	3256	2568
VGM001000471_02_n	3240	2556
VGM001000472_01_n	3256	2560
VGM001000472_02_n	3232	2548
VGM001000473_01_n	3256	2564
VGM001000473_02_n	3236	2556
VGM001000474_01_n	3260	2548
VGM001000474_02_n	3236	2548
VGM001000475_01_n	1617	2544
VGM001000475_02_n	1736	2548
VGM001000476_01_n	3272	2540
VGM001000476_02_n	3240	2536
VGM001000477_01_n	3224	2536
VGM001000477_02_n	3224	2540
VGM001000478_01_n	3252	2536
VGM001000478_02_n	3240	2540
VGM001000479_01_n	2534	1623
VGM001000479_02_n	2548	1654
VGM001000480_01_n	3228	2532
VGM001000480_02_n	3224	2536
VGM001000481_01_n	3236	2552
VGM001000481_02_n	3240	2560
VGM001000482_01_n	3208	2540
VGM001000482_02_n	3224	2552
VGM001000483_01_n	3236	2544
VGM001000483_02_n	3220	2556
VGM001000484_01_n	1665	2535
VGM001000484_02_n	1692	2556
VGM001000485_01_n	3228	2544
VGM001000485_02_n	3224	2556
VGM001000486_01_n	3232	2544
VGM001000486_02_n	3236	2544
VGM001000487_01_n	3244	2552
VGM001000487_02_n	3248	2557
VGM001000487_02_nL	1620	2557
VGM001000487_02_nR	1623	2557
VGM001000488_01_n	3244	2548
VGM001000488_02_n	3236	2568
VGM001000489_01_n	3224	2548
VGM001000489_02_n	3228	2552
VGM001000490_01_n	3220	2564
VGM001000490_02_n	3220	2568
VGM001000491_01_n	2564	1628
VGM001000491_02_n	2556	1634
VGM001000492_01_n	3244	2515
VGM001000492_02_n	3224	2520
VGM001000493_01_n	3520	2744
VGM001000493_02_n	3532	2736
VGM001000494_01_n	1826	677
VGM001000494_02_n	1831	705
VGM001000495_01_n	3256	2560
VGM001000495_02_n	3260	2572
VGM001000496_01_n	3060	2388
VGM001000496_02_n	3044	2384
VGM001000497_01_n	1572	2392
VGM001000497_02_n	1576	2404
VGM001000498_01_n	1728	2560
VGM001000498_02_n	1724	2560
VGM001000499_01_n	3248	2532
VGM001000499_02_n	3236	2528
VGM001000500_01_n	1352	2280
VGM001000500_02_n	1376	2292
VGM001000501_01_n	1368	2288
VGM001000501_02_n	1364	2292
VGM001000502_01_n	1668	2516
VGM001000502_02_n	1692	2548
VGM001000503_01_n	3222	2517
VGM001000503_02_n	3264	2552
VGM001000504_01_n	3240	2528
VGM001000504_02_n	3260	2544
VGM001000505_01_n	3224	2556
VGM001000505_02_n	3204	2544
VGM001000506_01_n	1656	1318
VGM001000506_02_n	1668	1306
VGM001000507_01_n	3220	2544
VGM001000507_02_n	3200	2540
VGM001000508_01_n	1687	1133
VGM001000508_02_n	1712	1150
VGM001000509_01_n	3240	2548
VGM001000509_02_n	3236	2532
VGM001000510_01_n	3276	2544
VGM001000510_02_n	3272	2544
VGM001000511_01_n	3284	2568
VGM001000511_02_n	3262	2550
VGM001000512_01_n	1653	2554
VGM001000512_02_n	1680	2556
VGM001000513_01_n	3268	2560
VGM001000513_02_n	3272	2550
VGM001000514_01_n	3228	2556
VGM001000514_02_n	3236	2556
VGM001000515_01_n	3268	2560
VGM001000515_02_n	3263	2556
VGM001000516_01_n	3236	2532
VGM001000516_02_n	3224	2528
VGM001000517_01_n	3244	2544
VGM001000517_02_n	3252	2572
VGM001000518_01_n	3264	2580
VGM001000518_02_n	3256	2556
VGM001000519_01_n	1720	2556
VGM001000519_02_n	1732	2560
VGM001000520_01_n	3252	2560
VGM001000520_02_n	3252	2564
VGM001000521_01_n	3256	2556
VGM001000521_02_n	3240	2536
VGM001000522_01_n	1652	1298
VGM001000522_02_n	1648	1306
VGM001000523_01_n	1652	1317
VGM001000523_02_n	1684	1305
VGM001000524_01_n	3260	2576
VGM001000524_02_n	3252	2580
VGM001000525_01_n	1688	2060
VGM001000525_02_n	1685	2054
VGM001000526_01_n	3280	2564
VGM001000526_02_n	3252	2568
VGM001000527_01_n	3246	2532
VGM001000527_02_n	3260	2540
VGM001000528_01_n	3252	2514
VGM001000528_02_n	3252	2528
VGM001000529_01_n	2548	1658
VGM001000529_02_n	2580	1672
VGM001000530_01_n	3256	2580
VGM001000530_02_n	3236	2559
VGM001000531_01_n	3235	2549
VGM001000531_02_n	3236	2568
VGM001000532_01_n	3224	2520
VGM001000532_02_n	3212	2540
VGM001000533_01_n	3216	2530
VGM001000533_02_n	3204	2560
VGM001000534_01_n	3204	2556
VGM001000534_02_n	3192	2556
VGM001000535_01_n	3208	2528
VGM001000535_02_n	3200	2528
VGM001000536_01_n	3224	2552
VGM001000536_02_n	3220	2560
VGM001000537_01_n	3147	2505
VGM001000537_02_n	3159	2494
VGM001000538_01_n	3284	2540
VGM001000538_02_n	3272	2532
VGM001000539_01_n	3224	2550
VGM001000539_02_n	3228	2552
VGM001000540_01_n	3220	2557
VGM001000540_02_n	3200	2532
VGM001000541_01_n	1680	2524
VGM001000541_02_n	1680	2532
VGM001000542_01_n	3255	2551
VGM001000542_02_n	3264	2540
VGM001000543_01_n	1676	2532
VGM001000543_02_n	1676	2532
VGM001000544_01_n	1688	2544
VGM001000544_02_n	1672	2548
VGM001000545_01_n	1724	2548
VGM001000545_02_n	1716	2556
VGM001000546_01_n	3284	2550
VGM001000546_02_n	3275	2538
VGM001000547_01_n	1676	2524
VGM001000547_02_n	1688	2528
VGM001000548_01_n	3172	2536
VGM001000548_02_n	3162	2534
VGM001000549_01_n	1656	2528
VGM001000549_02_n	1632	2512
VGM001000550_01_n	1658	2549
VGM001000550_02_n	1666	2542
VGM001000551_01_n	1289	1701
VGM001000551_02_n	1327	1717
VGM001000552_01_n	1394	919
VGM001000552_02_n	1398	932
VGM001000553_01_n	3224	2512
VGM001000553_02_n	3233	2537
VGM001000554_01_n	1657	2512
VGM001000554_02_n	1674	2512
VGM001000555_01_n	3145	2537
VGM001000555_02_n	3146	2533
VGM001000556_01_n	3183	2512
VGM001000556_02_n	3179	2512
VGM001000557_01_n	3161	2525
VGM001000557_02_n	3158	2524
VGM001000558_01_n	3145	2512
VGM001000558_02_n	3158	2524
VGM001000559_01_n	3204	2541
VGM001000559_02_n	3233	2566
VGM001000560_01_n	3233	2546
VGM001000560_02_n	3230	2544
VGM001000561_01_n	2535	1598
VGM001000561_02_n	2530	1609
VGM001000562_01_n	3208	2529
VGM001000562_02_n	3222	2540
VGM001000563_01_n	1674	2541
VGM001000563_02_n	1645	2534
VGM001000564_01_n	3234	2544
VGM001000564_02_n	3234	2562
VGM001000565_01_n	3131	2548
VGM001000565_02_n	3134	2551
VGM001000566_01_n	2693	2149
VGM001000566_02_n	2692	2152
VGM001000567_01_n	3223	2551
VGM001000567_02_n	3237	2560
VGM001000568_01_n	3240	2559
VGM001000568_02_n	3232	2570
VGM001000569_01_n	1671	2533
VGM001000569_02_n	1645	2512
VGM001000570_01_n	3223	2523
VGM001000570_02_n	3234	2519
VGM001000571_01_n	3216	2523
VGM001000571_02_n	3216	2512
VGM001000572_01_n	3231	2455
VGM001000572_02_n	3234	2455
VGM001000573_01_n	3166	2530
VGM001000573_02_n	3173	2526
VGM001000574_01_n	2554	1621
VGM001000574_02_n	2538	1614
VGM001000575_01_n	2535	1591
VGM001000575_02_n	2539	1597
VGM001000576_01_n	3231	2526
VGM001000576_02_n	3238	2523
VGM001000577_01_n	3234	2512
VGM001000577_02_n	3230	2518
VGM001000578_01_n	3199	2551
VGM001000578_02_n	3198	2544
VGM001000579_01_n	3227	2537
VGM001000579_02_n	3224	2512
VGM001000580_01_n	1684	2530
VGM001000580_02_n	1666	2526
VGM001000581_01_n	3206	2535
VGM001000581_02_n	3199	2530
VGM001000582_01_n	742	980
VGM001000582_02_n	765	987
VGM001000583_01_n	3187	2512
VGM001000583_02_n	3180	2512
VGM001000584_01_n	3188	2523
VGM001000584_02_n	3188	2496
VGM001000585_01_n	1663	2512
VGM001000585_02_n	1656	2512
VGM001000586_01_n	3230	2562
VGM001000586_02_n	3209	2562
VGM001000587_01_n	3152	2526
VGM001000587_02_n	3145	2523
VGM001000588_01_n	3202	2537
VGM001000588_02_n	3223	2534
VGM001000589_01_n	3219	2526
VGM001000589_02_n	3227	2537
VGM001000590_01_n	1642	2512
VGM001000590_02_n	1660	2512
VGM001000591_01_n	3184	2541
VGM001000591_02_n	3177	2533
VGM001000592_01_n	3234	2530
VGM001000592_02_n	3219	2529
VGM001000593_01_n	1656	2519
VGM001000593_02_n	1624	2513
VGM001000594_01_n	3296	2500
VGM001000594_02_n	3287	2512
VGM001000595_01_n	3234	2558
VGM001000595_02_n	3217	2540
VGM001000596_01_n	1628	2533
VGM001000596_02_n	1616	2533
VGM001000597_01_n	3152	2526
VGM001000597_01_nL	1575	2526
VGM001000597_01_nR	1581	2526
VGM001000597_02_n	3146	2530
VGM001000598_01_n	3227	2566
VGM001000598_02_n	3224	2554
VGM001000599_01_n	3283	2512
VGM001000599_02_n	3287	2530
VGM001000600_01_n	3287	2537
VGM001000600_02_n	3291	2526
VGM001000601_01_n	1611	2550
VGM001000601_02_n	1660	2548
VGM001000602_01_n	3214	2554
VGM001000602_02_n	3214	2572
VGM001000603_01_n	3203	2557
VGM001000603_02_n	3209	2551
VGM001000604_01_n	3250	2590
VGM001000604_02_n	3217	2563
VGM001000605_01_n	3182	2563
VGM001000605_02_n	3202	2572
VGM001000606_01_n	3160	2512
VGM001000606_02_n	3164	2531
VGM001000607_01_n	3194	2528
VGM001000607_02_n	3176	2521
VGM001000608_01_n	3225	2572
VGM001000608_02_n	3199	2578
VGM001000609_01_n	3202	2554
VGM001000609_02_n	3188	2564
VGM001000610_01_n	3229	2563
VGM001000610_02_n	3193	2590
VGM001000611_01_n	3190	2548
VGM001000611_02_n	3216	2559
VGM001000612_01_n	3178	2531
VGM001000612_02_n	3173	2546
VGM001000613_01_n	1666	2554
VGM001000613_02_n	1660	2524
VGM001000614_01_n	1768	1033
VGM001000614_02_n	1762	1033
VGM001000615_01_n	3151	2531
VGM001000615_02_n	3147	2534
VGM001000616_01_n	3208	2584
VGM001000616_02_n	3214	2578
VGM001000617_01_n	3162	2532
VGM001000617_02_n	3178	2542
VGM001000618_01_n	3162	2428
VGM001000618_02_n	3202	2458
VGM001000619_01_n	3259	2591
VGM001000619_02_n	3278	2587
VGM001000620_01_n	3236	2550
VGM001000620_02_n	3221	2552
VGM001000621_01_n	3236	2544
VGM001000621_02_n	3248	2558
VGM001000622_01_n	3216	2562
VGM001000622_02_n	3249	2590
VGM001000623_01_n	2080	1638
VGM001000623_02_n	2116	1656
VGM001000624_01_n	3232	2602
VGM001000624_02_n	3238	2596
VGM001000625_01_n	3220	2584
VGM001000625_02_n	3165	2564
VGM001000626_01_n	1720	2590
VGM001000626_02_n	1660	2566
VGM001000627_01_n	3202	2579
VGM001000627_02_n	3232	2590
VGM001000628_01_n	3208	2578
VGM001000628_02_n	3221	2057
VGM001000629_01_n	1668	1792
VGM001000629_02_n	1720	2096
VGM001000630_01_n	3232	2051
VGM001000630_02_n	3237	2321
VGM001000631_01_n	3208	2060
VGM001000631_02_n	3208	2304
VGM001000632_01_n	3162	2546
VGM001000632_02_n	3173	2534
VGM001000633_01_n	3161	2533
VGM001000633_01_nL	1581	2533
VGM001000633_01_nR	1578	2533
VGM001000633_02_n	3158	2529
VGM001000633_02_nL	1593	2529
VGM001000633_02_nR	1566	2529
VGM001000634_01_n	3200	2549
VGM001000634_02_n	3205	2556
VGM001000635_01_n	3220	2596
VGM001000635_02_n	3244	2614
VGM001000636_01_n	3203	2568
VGM001000636_02_n	3225	2582
VGM001000637_01_n	3156	2547
VGM001000637_02_n	3138	2549
VGM001000638_01_n	3233	2558
VGM001000638_02_n	3210	2569
VGM001000639_01_n	3244	2590
VGM001000639_02_n	3262	2608
VGM001000640_01_n	3250	2596
VGM001000640_02_n	3214	2578
VGM001000641_01_n	1690	2572
VGM001000641_02_n	1678	2572
VGM001000642_01_n	3196	2557
VGM001000642_02_n	3196	2566
VGM001000643_01_n	3292	2602
VGM001000643_02_n	3291	2602
VGM001000644_01_n	3238	2594
VGM001000644_02_n	3220	2584
VGM001000645_01_n	3224	2574
VGM001000645_02_n	3238	2590
VGM001000646_01_n	3192	2559
VGM001000646_02_n	3256	2593
VGM001000647_01_n	3190	2584
VGM001000647_02_n	3175	2557
VGM001000648_01_n	3170	2570
VGM001000648_02_n	3184	2578
VGM001000649_01_n	3220	2524
VGM001000649_02_n	3232	2512
VGM001000650_01_n	3232	2524
VGM001000650_02_n	3190	2506
VGM001000651_01_n	3292	2581
VGM001000651_02_n	3291	2578
VGM001000652_01_n	1678	2542
VGM001000652_02_n	1700	2534
VGM001000653_01_n	1726	2548
VGM001000653_02_n	1726	2554
VGM001000654_01_n	3316	2585
VGM001000654_02_n	3292	2561
VGM001000655_01_n	3296	2578
VGM001000655_02_n	3310	2596
VGM001000656_01_n	5122	3364
VGM001000656_02_n	5128	3320
VGM001000657_01_n	3289	2594
VGM001000657_02_n	3297	2580
VGM001000658_01_n	3279	2584
VGM001000658_02_n	3292	2584
VGM001000659_01_n	3267	2588
VGM001000659_02_n	3291	2626
VGM001000660_01_n	3300	2571
VGM001000660_02_n	3291	2566
VGM001000661_01_n	3351	2608
VGM001000661_02_n	3351	2626
VGM001000662_01_n	3303	2547
VGM001000662_02_n	3309	2563
VGM001000663_01_n	3270	2516
VGM001000663_02_n	3275	2519
VGM001000664_01_n	3213	2556
VGM001000664_02_n	3228	2554
VGM001000665_01_n	3207	2553
VGM001000665_02_n	3237	2567
VGM001000666_01_n	3321	2576
VGM001000666_02_n	3340	2590
VGM001000667_01_n	3267	2626
VGM001000667_02_n	3321	2644
VGM001000668_01_n	3222	2546
VGM001000668_02_n	3291	2602
VGM001000669_01_n	3357	2620
VGM001000669_02_n	3358	2626
VGM001000670_01_n	3285	2538
VGM001000670_02_n	3302	2562
VGM001000671_01_n	3243	2570
VGM001000671_02_n	3222	2585
VGM001000672_01_n	3255	2614
VGM001000672_02_n	3228	2582
VGM001000673_01_n	3327	2627
VGM001000673_02_n	3333	2668
VGM001000674_01_n	3327	2644
VGM001000674_02_n	3351	2668
VGM001000675_01_n	2429	1367
VGM001000675_02_n	2435	1357
VGM001000676_01_n	3873	3022
VGM001000676_02_n	3898	3064
VGM001000677_01_n	2746	2206
VGM001000677_02_n	2733	2187
VGM001000678_01_n	2769	2186
VGM001000678_02_n	2793	2242
VGM001000679_01_n	3231	2572
VGM001000679_02_n	3219	2554
VGM001000680_01_n	3249	2584
VGM001000680_02_n	3255	2590
VGM001000681_01_n	3192	2549
VGM001000681_02_n	3243	2590
VGM001000682_01_n	2865	2224
VGM001000682_02_n	2842	2206
VGM001000683_01_n	3339	2638
VGM001000683_02_n	3327	2650
VGM001000684_01_n	3292	2626
VGM001000684_02_n	3327	2618
VGM001000685_01_n	3291	2626
VGM001000685_02_n	3285	2601
VGM001000686_01_n	3243	2501
VGM001000686_02_n	3249	2524
VGM001000687_01_n	3249	2524
VGM001000687_02_n	3243	2524
VGM001000688_01_n	3231	2536
VGM001000688_02_n	3207	2468
VGM001000688_02_nL	1607	2468
VGM001000688_02_nR	1599	2468
VGM001000689_01_n	3273	2554
VGM001000689_02_n	3273	2554
VGM001000690_01_n	3273	2560
VGM001000690_02_n	3244	2566
VGM001000691_01_n	1704	2528
VGM001000691_02_n	1704	2552
VGM001000692_01_n	3198	2481
VGM001000692_02_n	3228	2516
VGM001000693_01_n	3288	2552
VGM001000693_02_n	3288	2538
VGM001000694_01_n	3317	2566
VGM001000694_02_n	3288	2552
VGM001000695_01_n	3288	2552
VGM001000695_02_n	3288	2570
VGM001000696_01_n	2664	2111
VGM001000696_02_n	2697	2105
VGM001000697_01_n	3282	2563
VGM001000697_02_n	3318	2576
VGM001000698_01_n	2667	2110
VGM001000698_02_n	2697	2129
VGM001000699_01_n	3330	2624
VGM001000699_02_n	3311	2591
VGM001000700_01_n	3240	2496
VGM001000700_02_n	3201	2490
VGM001000701_01_n	3219	2512
VGM001000701_02_n	3243	2482
VGM001000702_01_n	3223	2482
VGM001000702_02_n	3216	2473
VGM001000703_01_n	3213	2487
VGM001000703_02_n	3213	2482
VGM001000704_01_n	3231	2479
VGM001000704_02_n	3219	2479
VGM001000705_01_n	3198	2455
VGM001000705_02_n	3213	2476
VGM001000706_01_n	3201	2482
VGM001000706_02_n	3222	2494
VGM001000707_01_n	3210	2493
VGM001000707_02_n	3201	2489
VGM001000708_01_n	3204	2482
VGM001000708_02_n	3192	2461
VGM001000709_01_n	3201	2467
VGM001000709_02_n	3228	2492
VGM001000710_01_n	3201	2470
VGM001000710_02_n	3189	2467
VGM001000711_01_n	1704	2458
VGM001000711_02_n	1740	2486
VGM001000712_01_n	1641	2472
VGM001000712_02_n	1662	2473
VGM001000713_01_n	3207	2491
VGM001000713_02_n	3192	2473
VGM001000714_01_n	3216	2488
VGM001000714_02_n	3216	2474
VGM001000715_01_n	3207	2455
VGM001000715_02_n	3222	2470
VGM001000716_01_n	3170	2417
VGM001000716_02_n	3156	2434
VGM001000717_01_n	1639	2468
VGM001000717_02_n	1650	2479
VGM001000718_01_n	3258	2474
VGM001000718_02_n	3216	2458
VGM001000719_01_n	1698	2504
VGM001000719_02_n	1740	2536
VGM001000720_01_n	3201	2461
VGM001000720_02_n	3201	2452
VGM001000721_01_n	3225	2476
VGM001000721_02_n	3222	2479
VGM001000722_01_n	4378	2882
VGM001000722_02_n	4383	2896
VGM001000723_01_n	2694	2114
VGM001000723_02_n	2664	2128
VGM001000724_01_n	5003	3266
VGM001000724_02_n	4991	3272
VGM001000725_01_n	3198	2546
VGM001000725_02_n	3264	2576
VGM001000726_01_n	3210	2492
VGM001000726_02_n	3192	2492
VGM001000727_01_n	3219	2454
VGM001000727_02_n	3216	2463
VGM001000728_01_n	3210	2492
VGM001000728_02_n	3189	2458
VGM001000729_01_n	1692	2576
VGM001000729_02_n	1707	2570
VGM001000730_01_n	2688	2124
VGM001000730_02_n	2688	2132
VGM001000731_01_n	2682	2121
VGM001000731_02_n	2676	2120
VGM001000732_01_n	3259	2553
VGM001000732_02_n	3252	2570
VGM001000733_01_n	1701	2552
VGM001000733_02_n	1680	2588
VGM001000734_01_n	3288	2558
VGM001000734_02_n	3288	2582
VGM001000735_01_n	3255	2547
VGM001000735_02_n	3288	2576
VGM001000736_01_n	3183	2464
VGM001000736_02_n	3168	2484
VGM001000737_01_n	3234	2544
VGM001000737_02_n	3234	2544
VGM001000738_01_n	3245	2541
VGM001000738_02_n	3238	2523
VGM001000739_01_n	3252	2544
VGM001000739_02_n	3241	2554
VGM001000740_01_n	1688	2558
VGM001000740_02_n	1686	2542
VGM001000741_01_n	3248	2537
VGM001000741_02_n	3230	2551
VGM001000742_01_n	1670	2548
VGM001000742_02_n	1666	2533
VGM001000743_01_n	3215	2528
VGM001000743_02_n	3219	2525
VGM001000744_01_n	3241	2541
VGM001000744_02_n	3234	2555
VGM001000745_01_n	3245	2533
VGM001000745_02_n	3256	2562
VGM001000746_01_n	3273	2548
VGM001000746_02_n	3266	2555
VGM001000747_01_n	3270	2558
VGM001000747_02_n	3266	2555
VGM001000748_01_n	1681	2530
VGM001000748_02_n	1670	2544
VGM001000749_01_n	3238	2555
VGM001000749_02_n	3216	2537
VGM001000750_01_n	1689	2553
VGM001000750_02_n	1660	2523
VGM001000751_01_n	3255	2544
VGM001000751_02_n	3259	2526
VGM001000752_01_n	5023	3243
VGM001000752_02_n	5039	3283
VGM001000753_01_n	3244	2541
VGM001000753_02_n	3245	2530
VGM001000754_01_n	3266	2544
VGM001000754_02_n	3259	2544
VGM001000755_01_n	5015	3263
VGM001000755_02_n	5022	3259
VGM001000756_01_n	3235	2519
VGM001000756_02_n	3259	2544
VGM001000757_01_n	3252	2544
VGM001000757_02_n	3259	2516
VGM001000758_01_n	3256	2551
VGM001000758_02_n	3259	2548
VGM001000759_01_n	1642	2540
VGM001000759_02_n	1635	2531
VGM001000760_01_n	3220	2523
VGM001000760_02_n	3226	2523
VGM001000761_01_n	3266	2548
VGM001000761_02_n	3252	2541
VGM001000762_01_n	3241	2544
VGM001000762_02_n	3245	2530
VGM001000763_01_n	2836	2290
VGM001000763_02_n	2831	2299
VGM001000764_01_n	3249	2541
VGM001000764_02_n	3249	2539
VGM001000765_01_n	2568	3240
VGM001000765_02_n	2528	3240
VGM001000766_01_n	3243	2537
VGM001000766_02_n	3241	2551
VGM001000767_01_n	3234	2537
VGM001000767_02_n	3248	2535
VGM001000768_01_n	3224	2537
VGM001000768_02_n	3208	2542
VGM001000769_01_n	3234	2544
VGM001000769_02_n	3241	2537
VGM001000770_01_n	3213	2526
VGM001000770_02_n	3213	2527
VGM001000771_01_n	1659	2530
VGM001000771_02_n	1663	2530
VGM001000772_01_n	3229	2530
VGM001000772_02_n	3223	2545
VGM001000773_01_n	1624	2512
VGM001000773_02_n	1649	2537
VGM001000774_01_n	3223	2537
VGM001000774_02_n	3230	2551
VGM001000775_01_n	3230	2530
VGM001000775_02_n	3238	2537
VGM001000776_01_n	3227	2541
VGM001000776_02_n	3216	2534
VGM001000777_01_n	3237	2544
VGM001000777_02_n	3213	2530
VGM001000778_01_n	1663	2530
VGM001000778_02_n	1669	2541
VGM001000779_01_n	1670	2483
VGM001000779_02_n	1677	2488
VGM001000780_01_n	3230	2537
VGM001000780_02_n	3220	2530
VGM001000781_01_n	1663	2523
VGM001000781_02_n	1655	2544
VGM001000782_01_n	3223	2537
VGM001000782_02_n	3220	2547
VGM001000783_01_n	3234	2530
VGM001000783_02_n	3206	2523
VGM001000784_01_n	3204	2525
VGM001000784_02_n	3198	2523
VGM001000785_01_n	1645	2523
VGM001000785_02_n	1649	2516
VGM001000786_01_n	3209	2530
VGM001000786_02_n	3202	2541
VGM001000787_01_n	3198	2526
VGM001000787_02_n	3212	2551
VGM001000788_01_n	3230	2558
VGM001000788_02_n	3216	2548
VGM001000789_01_n	1658	1636
VGM001000789_02_n	1666	1653
VGM001000790_01_n	3234	2508
VGM001000790_02_n	3234	2505
VGM001000791_01_n	1670	2494
VGM001000791_02_n	1656	2512
VGM001000792_01_n	3224	2533
VGM001000792_02_n	3216	2544
VGM001000793_01_n	3223	2540
VGM001000793_02_n	3223	2537
VGM001000794_01_n	1642	1269
VGM001000794_02_n	1638	1268
VGM001000795_01_n	3255	2505
VGM001000795_02_n	3237	2494
VGM001000796_01_n	3245	2505
VGM001000796_02_n	3227	2498
VGM001000797_01_n	3244	2487
VGM001000797_02_n	3255	2498
VGM001000798_01_n	1769	2530
VGM001000798_02_n	1777	2512
VGM001000799_01_n	1636	1077
VGM001000799_02_n	1647	1096
VGM001000800_01_n	1639	1289
VGM001000800_02_n	1649	1297
VGM001000801_01_n	3237	2512
VGM001000801_02_n	3234	2501
VGM001000802_01_n	3245	2544
VGM001000802_02_n	3246	2565
VGM001000803_01_n	1666	2533
VGM001000803_02_n	1684	2548
VGM001000804_01_n	3262	2565
VGM001000804_02_n	3245	2541
VGM001000805_01_n	3252	2558
VGM001000805_02_n	3222	2529
VGM001000806_01_n	3245	2547
VGM001000806_02_n	3248	2537
VGM001000807_01_n	3255	2494
VGM001000807_02_n	3231	2501
VGM001000808_01_n	3255	2494
VGM001000808_02_n	3233	2501
VGM001000809_01_n	3223	2558
VGM001000809_02_n	3198	2547
VGM001000810_01_n	1649	2494
VGM001000810_02_n	1660	2491
VGM001000811_01_n	1663	2490
VGM001000811_02_n	1655	2480
VGM001000812_01_n	1695	2512
VGM001000812_02_n	1671	2492
VGM001000813_01_n	3213	2548
VGM001000813_02_n	3209	2551
VGM001000814_01_n	3249	2505
VGM001000814_02_n	3230	2494
VGM001000815_01_n	1662	1166
VGM001000815_02_n	1633	1188
VGM001000816_01_n	1766	1357
VGM001000816_02_n	1777	1379
VGM001000817_01_n	1659	2544
VGM001000817_02_n	1611	2534
VGM001000818_01_n	3204	2536
VGM001000818_02_n	3209	2533
VGM001000819_01_n	3223	2551
VGM001000819_02_n	3216	2555
VGM001000820_01_n	3198	2544
VGM001000820_02_n	3205	2540
VGM001000821_01_n	3212	2537
VGM001000821_02_n	3209	2544
VGM001000822_01_n	3198	2533
VGM001000822_02_n	3199	2533
VGM001000823_01_n	1646	1290
VGM001000823_02_n	1631	1297
VGM001000824_01_n	3252	2541
VGM001000824_02_n	3259	2537
VGM001000825_01_n	3198	2544
VGM001000825_02_n	3198	2544
VGM001000826_01_n	3262	2555
VGM001000826_02_n	3241	2540
VGM001000827_01_n	3244	2544
VGM001000827_02_n	3259	2551
VGM001000828_01_n	3256	2551
VGM001000828_02_n	3248	2548
VGM001000829_01_n	3245	2505
VGM001000829_02_n	3231	2512
VGM001000830_01_n	3245	2555
VGM001000830_02_n	3230	2551
VGM001000831_01_n	3231	2537
VGM001000831_02_n	3223	2537
VGM001000832_01_n	3256	2544
VGM001000832_02_n	3249	2537
VGM001000833_01_n	3252	2537
VGM001000833_02_n	3258	2531
VGM001000834_01_n	3269	2555
VGM001000834_02_n	3259	2541
VGM001000835_01_n	3166	2451
VGM001000835_02_n	3173	2423
VGM001000836_01_n	3249	2533
VGM001000836_02_n	3255	2526
VGM001000837_01_n	3255	2562
VGM001000837_02_n	3257	2514
VGM001000838_01_n	3237	2533
VGM001000838_02_n	3255	2548
VGM001000839_01_n	3255	2548
VGM001000839_02_n	3240	2551
VGM001000840_01_n	3241	2548
VGM001000840_02_n	3237	2541
VGM001000841_01_n	3227	2544
VGM001000841_02_n	3223	2541
VGM001000842_01_n	3241	2544
VGM001000842_02_n	3241	2526
VGM001000843_01_n	3241	2555
VGM001000843_02_n	3274	2541
VGM001000844_01_n	1670	2530
VGM001000844_02_n	1663	2526
VGM001000845_01_n	3231	2537
VGM001000845_02_n	3234	2541
VGM001000846_01_n	3230	2548
VGM001000846_02_n	3244	2551
VGM001000847_01_n	3251	2558
VGM001000847_02_n	3225	2552
VGM001000848_01_n	3248	2565
VGM001000848_02_n	3258	2517
VGM001000849_01_n	1652	2533
VGM001000849_02_n	1656	2530
VGM001000850_01_n	3227	2547
VGM001000850_02_n	3230	2548
VGM001000851_01_n	3249	2544
VGM001000851_02_n	3255	2551
VGM001000852_01_n	3252	2544
VGM001000852_02_n	3248	2529
VGM001000853_01_n	3266	2534
VGM001000853_02_n	3262	2544
VGM001000854_01_n	3248	2540
VGM001000854_02_n	3238	2533
VGM001000855_01_n	3255	2544
VGM001000855_02_n	3248	2541
VGM001000856_01_n	1488	1162
VGM001000856_02_n	1492	1159
VGM001000857_01_n	3259	2551
VGM001000857_02_n	3238	2530
VGM001000858_01_n	3262	2544
VGM001000858_02_n	3252	2555
VGM001000859_01_n	3249	2551
VGM001000859_02_n	3255	2548
VGM001000860_01_n	3259	2530
VGM001000860_02_n	3259	2541
VGM001000861_01_n	3255	2540
VGM001000861_02_n	3273	2530
VGM001000862_01_n	2731	2191
VGM001000862_02_n	2724	2181
VGM001000863_01_n	2721	2191
VGM001000863_02_n	2714	2188
VGM001000864_01_n	1399	2156
VGM001000864_02_n	1385	2162
VGM001000865_01_n	3170	2455
VGM001000865_02_n	3169	2448
VGM001000866_01_n	3287	2548
VGM001000866_02_n	3349	2588
VGM001000867_01_n	3202	2516
VGM001000867_02_n	3202	2533
VGM001000868_01_n	3244	2519
VGM001000868_02_n	3241	2541
VGM001000869_01_n	1656	1293
VGM001000869_02_n	1656	1283
VGM001000870_01_n	3241	2512
VGM001000870_02_n	3244	2512
VGM001000871_01_n	3237	2537
VGM001000871_02_n	3237	2523
VGM001000872_01_n	1678	2533
VGM001000872_02_n	1656	2526
VGM001000873_01_n	3259	2548
VGM001000873_02_n	3251	2529
VGM001000874_01_n	3252	2534
VGM001000874_02_n	3262	2526
VGM001000876_01_n	3199	2515
VGM001000876_02_n	3208	2517
VGM001000877_01_n	2984	2419
VGM001000877_02_n	2978	2415
VGM001000878_01_n	3013	2427
VGM001000878_02_n	2996	2416
VGM001000879_01_n	3230	2533
VGM001000879_02_n	3227	2533
VGM001000880_01_n	3247	2541
VGM001000880_02_n	3253	2543
VGM001000881_01_n	3219	2512
VGM001000881_02_n	3209	2498
VGM001000882_01_n	3205	2469
VGM001000882_02_n	3191	2451
VGM001000883_01_n	3223	2498
VGM001000883_02_n	3213	2491
VGM001000884_01_n	3216	2512
VGM001000884_02_n	3220	2512
VGM001000885_01_n	3427	2490
VGM001000885_02_n	3420	2497
VGM001000886_01_n	3217	2494
VGM001000886_02_n	3204	2505
VGM001000887_01_n	3208	2483
VGM001000887_02_n	3199	2487
VGM001000888_01_n	2536	3213
VGM001000888_02_n	2516	3219
VGM001000889_01_n	3216	2490
VGM001000889_02_n	3208	2482
VGM001000890_01_n	3220	2497
VGM001000890_02_n	3218	2512
VGM001000891_01_n	2495	954
VGM001000891_02_n	2482	965
VGM001000892_01_n	1656	2504
VGM001000892_02_n	1663	2498
VGM001000893_01_n	3240	2498
VGM001000893_02_n	3234	2494
VGM001000894_01_n	3241	2498
VGM001000894_02_n	3223	2483
VGM001000895_01_n	1660	2476
VGM001000895_02_n	1653	2494
VGM001000896_01_n	3199	2476
VGM001000896_02_n	3203	2464
VGM001000897_01_n	3252	2498
VGM001000897_02_n	3220	2491
VGM001000898_01_n	3234	2493
VGM001000898_02_n	3245	2494
VGM001000899_01_n	3237	2490
VGM001000899_02_n	3223	2483
VGM001000900_01_n	3237	2501
VGM001000900_02_n	3230	2491
VGM001000901_01_n	3272	2488
VGM001000901_02_n	3272	2536
VGM001000902_01_n	3272	2516
VGM001000902_02_n	3272	2514
VGM001000903_01_n	2724	2168
VGM001000903_02_n	2756	2148
VGM001000904_01_n	3239	2507
VGM001000904_02_n	3225	2502
VGM001000905_01_n	3240	2504
VGM001000905_02_n	3231	2481
VGM001000906_01_n	5016	3261
VGM001000906_02_n	5018	3287
VGM001000907_01_n	4966	3211
VGM001000907_02_n	4952	3222
VGM001000908_01_n	3216	2516
VGM001000908_02_n	3272	2520
VGM001000909_01_n	4982	3246
VGM001000909_02_n	4982	3249
VGM001000910_01_n	3236	2504
VGM001000910_02_n	3216	2505
VGM001000911_01_n	3266	2504
VGM001000911_02_n	3260	2509
VGM001000912_01_n	3468	2341
VGM001000912_02_n	3484	2348
VGM001000913_01_n	3500	2333
VGM001000913_02_n	3463	2339
VGM001000914_01_n	3272	2520
VGM001000914_02_n	3234	2493
VGM001000915_01_n	3240	2512
VGM001000915_02_n	3237	2499
VGM001000916_01_n	3240	2497
VGM001000916_02_n	3239	2515
VGM001000917_01_n	3227	2532
VGM001000917_02_n	3225	2520
VGM001000918_01_n	1761	1300
VGM001000918_02_n	1735	1292
VGM001000919_01_n	2752	2188
VGM001000919_02_n	2756	2196
VGM001000920_01_n	4964	3258
VGM001000920_02_n	4994	3238
VGM001000921_01_n	3270	2528
VGM001000921_02_n	3266	2536
VGM001000922_01_n	2526	3230
VGM001000922_02_n	2548	2827
VGM001000923_01_n	2805	2161
VGM001000923_02_n	2182	2772
VGM001000924_01_n	5066	3294
VGM001000924_02_n	5078	3312
VGM001000925_01_n	3266	2540
VGM001000925_02_n	3272	2553
VGM001000926_01_n	4621	2991
VGM001000926_02_n	4574	2978
VGM001000927_01_n	1701	2549
VGM001000927_02_n	1687	2565
VGM001000928_01_n	1674	2534
VGM001000928_02_n	1663	2539
VGM001000929_01_n	3245	2550
VGM001000929_02_n	3254	2529
VGM001000930_01_n	3272	2544
VGM001000930_02_n	3254	2541
VGM001000931_01_n	1802	1404
VGM001000931_02_n	1791	1385
VGM001000932_01_n	2691	2116
VGM001000932_02_n	2692	2124
VGM001000933_01_n	2688	2132
VGM001000933_02_n	2704	2128
VGM001000934_01_n	2614	3282
VGM001000934_02_n	2606	3300
VGM001000935_01_n	4590	2969
VGM001000935_02_n	4595	2849
VGM001000936_01_n	3272	2536
VGM001000936_02_n	3285	2553
VGM001000937_01_n	3272	2556
VGM001000937_02_n	3246	2535
VGM001000938_01_n	4438	2813
VGM001000938_02_n	4446	2790
VGM001000939_01_n	4088	2623
VGM001000939_02_n	4080	2624
VGM001000940_01_n	4196	2652
VGM001000940_02_n	4204	2692
VGM001000943_01_n	5030	3246
VGM001000943_02_n	5020	3276
VGM001000943_02_nL	2520	3276
VGM001000944_01_n	1416	2120
VGM001000944_02_n	1408	2115
VGM001000945_01_n	5048	3281
VGM001000945_02_n	5090	3252
VGM001000946_01_n	3272	2552
VGM001000946_02_n	3272	2550
VGM001000947_01_n	3272	2556
VGM001000947_02_n	3254	2552
VGM001000948_01_n	4076	2640
VGM001000948_02_n	4072	2612
VGM001000949_01_n	2668	2076
VGM001000949_02_n	2680	2072
VGM001000950_01_n	2672	2092
VGM001000950_02_n	2676	2068
VGM001000951_01_n	4092	2648
VGM001000951_02_n	4084	2652
VGM001000952_01_n	3272	2568
VGM001000952_02_n	3272	2541
VGM001000953_01_n	1700	2568
VGM001000953_02_n	1664	2564
VGM001000954_01_n	3204	2534
VGM001000954_02_n	3216	2545
VGM001000955_01_n	3204	2480
VGM001000955_02_n	3186	2447
VGM001000956_01_n	4935	3218
VGM001000956_02_n	4936	3214
VGM001000957_01_n	4948	3224
VGM001000957_02_n	4934	3224
VGM001000958_01_n	5020	3245
VGM001000958_02_n	5022	3252
VGM001000959_01_n	3185	2512
VGM001000959_02_n	3200	2514
VGM001000960_01_n	3243	2560
VGM001000960_02_n	3214	2506
VGM001000961_01_n	1645	2512
VGM001000961_02_n	1641	2531
VGM001000962_01_n	3214	2537
VGM001000962_02_n	3206	2520
VGM001000963_01_n	3229	2512
VGM001000963_02_n	3225	2529
VGM001000965_01_n	3152	2454
VGM001000965_02_n	3147	2454
VGM001000966_01_n	3248	2508
VGM001000966_02_n	3257	2530
VGM001000967_01_n	3231	2549
VGM001000967_02_n	3243	2566
VGM001000968_01_n	3177	2449
VGM001000968_02_n	3210	2485
VGM001000969_01_n	3236	2485
VGM001000969_01_nR	1617	2485
VGM001000969_02_n	3236	2512
VGM001000970_01_n	2708	2142
VGM001000970_02_n	2668	2140
VGM001000971_01_n	3114	2493
VGM001000971_02_n	3098	2487
VGM001000972_01_n	1661	2504
VGM001000972_02_n	1684	2532
VGM001000973_01_n	2655	2103
VGM001000973_02_n	2643	2094
VGM001000974_01_n	3227	2495
VGM001000974_02_n	3239	2512
VGM001000975_01_n	5023	3291
VGM001000975_02_n	5030	3270
VGM001000976_01_n	2655	2094
VGM001000976_02_n	2656	2099
VGM001000977_01_n	4109	2625
VGM001000977_02_n	4088	2629
VGM001000978_01_n	2118	2645
VGM001000978_02_n	2132	2664
VGM001000979_01_n	3244	2529
VGM001000979_02_n	3231	2533
VGM001000980_01_n	3244	2512
VGM001000980_02_n	3264	2537
VGM001000981_01_n	2124	2672
VGM001000981_02_n	2128	2660
VGM001000985_01_n	3035	2437
VGM001000985_02_n	3051	2441
VGM001000986_01_n	3035	2449
VGM001000986_02_n	3022	2441
VGM001000987_01_n	2722	2144
VGM001000987_02_n	2722	2144
VGM001000988_01_n	1386	2149
VGM001000988_02_n	1390	2153
VGM001000989_01_n	2734	2148
VGM001000989_02_n	2735	2144
VGM001000990_01_n	2747	2169
VGM001000990_02_n	2751	2165
VGM001000991_01_n	1415	2165
VGM001000991_02_n	1407	2155
VGM001000992_01_n	3274	2491
VGM001000992_02_n	3269	2499
VGM001000993_01_n	1392	2134
VGM001000993_02_n	1369	2129
VGM001000994_01_n	2762	2145
VGM001000994_02_n	2774	2151
VGM001000995_01_n	2755	2132
VGM001000995_02_n	2760	2140
VGM001000996_01_n	3285	2487
VGM001000996_02_n	3290	2491
VGM001000997_01_n	3139	2400
VGM001000997_02_n	3152	2396
VGM001000998_01_n	3216	2497
VGM001000998_02_n	3223	2487
VGM001000999_01_n	1649	2487
VGM001000999_02_n	1649	2483
VGM001001000_01_n	3056	2486
VGM001001000_01_nL	1531	2486
VGM001001000_01_nR	1528	2486
VGM001001000_02_n	3043	2466
VGM001001001_01_n	1553	2470
VGM001001001_02_n	1558	2470
VGM001001002_01_n	3148	2403
VGM001001002_02_n	3135	2395
VGM001001003_01_n	3056	2433
VGM001001003_02_n	3076	2455
VGM001001004_01_n	2751	2136
VGM001001004_02_n	2751	2144
VGM001001005_01_n	3260	2499
VGM001001005_02_n	3252	2495
VGM001001006_01_n	1661	2487
VGM001001006_02_n	1670	2495
VGM001001007_01_n	3030	2408
VGM001001007_02_n	2999	2405
VGM001001008_01_n	1616	2399
VGM001001008_02_n	1637	2390
VGM001001009_01_n	3006	2404
VGM001001009_02_n	3009	2408
VGM001001010_01_n	3005	2399
VGM001001010_02_n	3010	2411
VGM001001011_01_n	2738	2148
VGM001001011_02_n	2747	2144
VGM001001012_01_n	1415	2136
VGM001001012_02_n	1407	2140
VGM001001013_01_n	2801	2194
VGM001001013_01_nL	1398	2194
VGM001001013_02_n	2793	2185
VGM001001014_01_n	1441	2177
VGM001001014_02_n	1428	2190
VGM001001015_01_n	3222	2497
VGM001001015_02_n	3215	2495
VGM001001016_01_n	3235	2504
VGM001001016_02_n	3223	2501
VGM001001017_01_n	2997	2408
VGM001001017_02_n	3005	2424
VGM001001018_01_n	3123	2388
VGM001001018_02_n	3122	2387
VGM001001019_01_n	3018	2404
VGM001001019_02_n	2997	2399
VGM001001020_01_n	1599	2394
VGM001001020_02_n	1608	2400
VGM001001021_01_n	2948	2039
VGM001001021_02_n	2961	2039
VGM001001022_01_n	3131	2408
VGM001001022_02_n	3144	2403
VGM001001023_01_n	2832	2210
VGM001001023_02_n	2789	2194
VGM001001024_01_n	3214	2507
VGM001001024_02_n	3195	2500
VGM001001025_01_n	2789	2202
VGM001001025_02_n	2801	2199
VGM001001026_01_n	3223	2499
VGM001001026_02_n	3215	2499
VGM001001027_01_n	2797	2185
VGM001001027_02_n	2794	2185
VGM001001028_01_n	2946	2028
VGM001001028_02_n	2919	2027
VGM001001029_01_n	3189	2445
VGM001001029_02_n	3185	2448
VGM001001030_01_n	2743	2165
VGM001001030_02_n	2721	2167
VGM001001031_01_n	2731	2150
VGM001001031_02_n	2726	2158
VGM001001032_01_n	3185	2428
VGM001001032_02_n	3172	2443
VGM001001033_01_n	3172	2424
VGM001001033_02_n	3159	2431
VGM001001034_01_n	3194	2441
VGM001001034_02_n	3199	2445
VGM001001035_01_n	3169	2432
VGM001001035_02_n	3164	2437
VGM001001036_01_n	2952	2039
VGM001001036_02_n	2943	2044
VGM001001037_01_n	3181	2440
VGM001001037_02_n	3185	2447
VGM001001039_01_n	3168	2427
VGM001001039_02_n	3160	2428
VGM001001125_01_n	2723	2136
VGM001001125_02_n	2720	2133
VGM001001126_01_n	1361	2124
VGM001001126_02_n	1392	2138
VGM001001130_01_n	3245	2525
VGM001001130_02_n	3245	2521
VGM001001132_01_n	2603	3286
VGM001001132_02_n	2600	3293
VGM001001133_01_n	2793	2159
VGM001001133_02_n	2797	2159
VGM001001134_01_n	2784	2154
VGM001001134_02_n	2787	2155
VGM001001135_01_n	1439	2163
VGM001001135_02_n	1429	2153
VGM001001136_01_n	1884	1375
VGM001001136_02_n	1876	1382
VGM001001137_01_n	2780	2154
VGM001001137_02_n	2772	2145
VGM001001145_01_n	2771	2167
VGM001001145_02_n	2775	2168
VGM001001146_01_n	2704	2103
VGM001001146_02_n	2695	2105
VGM001001156_01_n	5026	3247
VGM001001156_02_n	5017	3242
VGM001001162_01_n	2181	2736
VGM001001162_02_n	2163	2736
VGM001001163_01_n	2179	2742
VGM001001163_02_n	2158	2729
VGM001001164_01_n	2775	2154
VGM001001164_02_n	2780	2144
VGM001001165_01_n	2780	2148
VGM001001165_02_n	2784	2140
VGM001001166_01_n	2752	2127
VGM001001166_02_n	2756	2127
VGM001001168_01_n	2737	2159
VGM001001168_02_n	2737	2155
VGM001001172_01_n	3218	2541
VGM001001172_02_n	3210	2538
VGM001001173_01_n	1618	2529
VGM001001173_02_n	1622	2525
VGM001001174_01_n	3201	2553
VGM001001174_02_n	3218	2553
VGM001001175_01_n	1671	1125
VGM001001175_02_n	1720	1147
VGM001001176_01_n	2540	3232
VGM001001176_02_n	2551	3234
VGM001001178_01_n	3138	2538
VGM001001178_02_n	3134	2516
VGM001001204_01_n	1650	2512
VGM001001204_02_n	1635	2529
VGM001001205_01_n	2533	1614
VGM001001205_02_n	2507	1627
VGM001001225_01_n	1252	819
VGM001001225_02_n	1250	810
VGM001001237_01_n	3261	2572
VGM001001237_02_n	3263	2572
VGM001001243_01_n	3219	2567
VGM001001243_02_n	3212	2567
VGM001001244_01_n	2456	3069
VGM001001244_02_n	2437	3074
VGM001001245_01_n	2759	2141
VGM001001245_02_n	2759	2137
VGM001001246_01_n	3188	2563
VGM001001246_02_n	3202	2562
VGM001001252_01_n	1690	1136
VGM001001252_02_n	1690	1129
VGM001001253_01_n	2789	2167
VGM001001253_02_n	2776	2180
VGM001001254_01_n	2797	2172
VGM001001254_02_n	2782	2183
VGM001001258_01_n	3171	2486
VGM001001258_02_n	3186	2502
VGM001001316_01_n	2716	2176
VGM001001316_02_n	2758	2184
VGM001001318_01_n	1698	1110
VGM001001318_02_n	1712	1129
VGM001001319_01_n	3381	2677
VGM001001319_02_n	3449	2737
VGM001001320_01_n	2681	2149
VGM001001320_02_n	2691	2153
VGM001001321_01_n	2677	2135
VGM001001321_02_n	2677	2146
VGM001001322_01_n	2689	2142
VGM001001322_02_n	2704	2124
VGM001001340_01_n	3222	2476
VGM001001341_01_n	1659	2530
VGM001001341_02_n	1682	2530
VGM001001342_01_n	1655	2541
VGM001001342_02_n	1669	2552
VGM001001343_01_n	2064	2512
VGM001001343_02_n	2072	2512
VGM001001344_01_n	2021	2512
VGM001001344_02_n	2010	2512
VGM001001345_01_n	3287	2556
VGM001001345_02_n	3282	2552
VGM001001346_01_n	3275	2559
VGM001001346_02_n	3279	2559
VGM001001347_01_n	3159	2469
VGM001001347_02_n	3179	2476
VGM001001348_01_n	1386	2124
VGM001001348_02_n	1383	2131
VGM001001349_01_n	3221	2512
VGM001001349_02_n	3214	2490
VGM001001350_01_n	3203	2490
VGM001001350_02_n	3214	2512
VGM001001351_01_n	2738	2127
VGM001001351_02_n	2735	2120
VGM001001352_01_n	2734	2144
VGM001001352_02_n	2732	2127
VGM001001353_01_n	1894	2425
VGM001001354_01_n	2427	577
VGM001001354_02_n	2430	563
VGM001001355_01_n	1684	2512
VGM001001355_02_n	1698	2512
VGM001001356_01_n	3192	2512
VGM001001356_02_n	3181	2512
VGM001001357_01_n	1669	1228
VGM001001357_02_n	1654	1234
VGM001001358_01_n	1426	2490
VGM001001358_02_n	1404	2479
VGM001001359_01_n	3247	2537
VGM001001359_02_n	3257	2551
VGM001001475_01_n	2561	1718
VGM001001483_01_n	4607	2876
VGM001001483_02_n	4634	2880
VGM001001578_01_n	3266	2558
VGM001001578_02_n	3272	2574
VGM001001579_01_n	3215	2535
VGM001001579_01_nL	1605	2532
VGM001001579_01_nR	1605	2535
VGM001001579_02_n	3204	2540
VGM001001580_01_n	1659	1282
VGM001001580_02_n	1648	1280
VGM001001581_01_n	3211	2512
VGM001001581_02_n	3234	2538
VGM001001582_01_n	3229	2526
VGM001001582_02_n	3225	2522
VGM001001583_01_n	3254	2536
VGM001001583_02_n	3272	2547
VGM001001584_01_n	3218	2527
VGM001001584_02_n	3212	2521
VGM001001585_01_n	3214	2525
VGM001001585_02_n	3198	2515
VGM001001586_01_n	3268	2521
VGM001001586_02_n	3265	2516
VGM001001587_01_n	3186	2529
VGM001001587_02_n	3196	2512
VGM001001588_01_n	3266	2533
VGM001001588_02_n	3246	2530
VGM001001589_01_n	3274	2543
VGM001001589_02_n	3271	2539
VGM001001590_01_n	3204	2536
VGM001001590_01_nL	1607	2536
VGM001001590_01_nR	1594	2536
VGM001001590_02_n	3209	2544
VGM001001590_02_nL	1608	2544
VGM001001590_02_nR	1594	2544
VGM001001591_01_n	3254	2528
VGM001001591_02_n	3271	2541
VGM001001592_01_n	3295	2546
VGM001001592_02_n	3296	2543
VGM001001593_01_n	3488	2579
VGM001001593_02_n	3501	2580
VGM001001594_01_n	3225	2526
VGM001001594_02_n	3251	2530
VGM001001595_01_n	3319	2564
VGM001001595_01_nR	1657	2564
VGM001001595_02_n	3310	2563
VGM001001595_02_nL	1651	2563
VGM001001595_02_nR	1654	2563
VGM001001596_01_n	3215	2544
VGM001001596_02_n	3233	2540
VGM001001597_01_n	3254	2526
VGM001001597_02_n	3269	2533
VGM001001598_01_n	3222	2515
VGM001001598_02_n	3232	2530
VGM001001599_01_n	3236	2526
VGM001001599_02_n	3236	2536
VGM001001600_01_n	3293	2551
VGM001001600_02_n	3284	2556
VGM001001601_01_n	1676	2544
VGM001001601_02_n	1683	2547
VGM001001602_01_n	1690	2537
VGM001001602_02_n	1700	2554
VGM001001603_01_n	3237	2509
VGM001001603_02_n	3257	2545
VGM001001604_01_n	3215	2529
VGM001001604_02_n	3219	2522
VGM001001605_01_n	3272	2565
VGM001001605_02_n	3259	2569
VGM001001606_01_n	3283	2572
VGM001001606_02_n	3255	2551
VGM001001607_01_n	1677	2568
VGM001001607_02_n	1682	2561
VGM001001608_01_n	3193	2484
VGM001001608_02_n	3199	2495
VGM001001609_01_n	3200	2465
VGM001001609_02_n	3212	2480
VGM001001610_01_n	3305	2574
VGM001001610_02_n	3279	2573
VGM001001611_01_n	1692	2526
VGM001001611_02_n	1692	2536
VGM001001612_01_n	3254	2512
VGM001001612_02_n	3230	2484
VGM001001613_01_n	1646	2479
VGM001001613_02_n	1657	2512
VGM001001614_01_n	3246	2542
VGM001001614_02_n	3221	2535
VGM001001615_01_n	1682	2538
VGM001001615_02_n	1660	2525
VGM001001616_01_n	3230	2496
VGM001001616_02_n	3231	2505
VGM001001617_01_n	3280	2578
VGM001001617_02_n	6834	5365
VGM001001617_02_nL	3417	5365
VGM001001617_02_nR	3417	5365
VGM001001618_01_n	1662	2556
VGM001001618_02_n	1656	2551
VGM001001619_01_n	1646	2199
VGM001001619_02_n	1646	2195
VGM001001620_01_n	3284	2559
VGM001001620_02_n	3275	2565
VGM001001621_01_n	1673	2532
VGM001001621_02_n	1667	2528
VGM001001622_01_n	3235	2521
VGM001001622_02_n	3243	2535
VGM001001623_01_n	3252	2539
VGM001001623_02_n	3246	2522
VGM001001624_01_n	3279	2540
VGM001001624_02_n	3257	2524
VGM001001625_01_n	3243	2524
VGM001001625_02_n	3265	2523
VGM001001626_01_n	3253	2556
VGM001001626_02_n	3245	2533
VGM001001627_01_n	3252	2538
VGM001001627_02_n	3340	2556
VGM001001628_01_n	1356	896
VGM001001628_02_n	1373	895
VGM001001629_01_n	3235	2563
VGM001001629_02_n	3252	2556
VGM001001630_01_n	3261	2434
VGM001001630_01_nL	1630	2562
VGM001001630_01_nR	1632	2562
VGM001001630_02_n	3256	2561
VGM001001630_02_nL	1623	2561
VGM001001630_02_nR	1626	2561
VGM001001631_01_n	3244	2542
VGM001001631_02_n	3231	2543
VGM001001632_01_n	3268	2561
VGM001001632_02_n	3249	2564
VGM001001633_01_n	3255	2550
VGM001001633_02_n	3291	2567
VGM001001634_01_n	2553	1654
VGM001001634_02_n	2534	1631
VGM001001635_01_n	3243	2553
VGM001001635_02_n	3252	2556
VGM001001636_01_n	1660	2539
VGM001001636_02_n	1658	2545
VGM001001637_01_n	3253	2511
VGM001001637_02_n	3252	2492
VGM001001638_01_n	3186	2499
VGM001001638_02_n	3187	2516
VGM001001638_02_nL	1601	2516
VGM001001638_02_nR	1590	2516
VGM001001639_01_n	3210	2530
VGM001001639_02_n	3218	2528
VGM001001640_01_n	3168	2530
VGM001001640_02_n	3154	2540
VGM001001641_01_n	3227	2552
VGM001001641_02_n	3232	2563
VGM001001642_01_n	3192	2525
VGM001001642_02_n	3196	2520
VGM001001643_01_n	2764	2167
VGM001001643_02_n	2760	2162
VGM001001644_01_n	3208	2540
VGM001001644_02_n	3230	2553
VGM001001645_01_n	3187	2531
VGM001001645_02_n	3238	2588
VGM001001646_01_n	3229	2570
VGM001001646_02_n	3188	2535
VGM001001647_01_n	1632	2545
VGM001001647_02_n	1641	2548
VGM001001648_01_n	3188	2584
VGM001001648_02_n	3180	2550
VGM001001649_01_n	3163	2536
VGM001001649_02_n	3162	2545
VGM001001650_01_n	3189	2537
VGM001001650_02_n	3175	2545
VGM001001651_01_n	3205	2408
VGM001001651_02_n	3186	2383
VGM001001652_01_n	1670	2548
VGM001001652_02_n	1663	2551
VGM001001653_01_n	2982	2398
VGM001001653_02_n	3017	2393
VGM001001654_01_n	3216	2547
VGM001001654_02_n	3229	2554
VGM001001656_01_n	2169	2493
VGM001001656_02_n	2183	2501
VGM001001657_01_n	1286	734
VGM001001657_02_n	1298	726
VGM001001658_01_n	1327	887
VGM001001658_02_n	1340	904
VGM001001659_01_n	1081	840
VGM001001659_02_n	1072	811
VGM001001660_01_n	1033	750
VGM001001660_02_n	1034	748
VGM001001661_01_n	1755	1738
VGM001001661_02	1737	1770
VGM001001661_02_n	1737	1770
VGM001001662_01_n	729	1181
VGM001001662_02_n	746	1193
VGM001001663_01_n	721	1185
VGM001001663_02_n	742	1190
VGM001001664_01_n	1855	895
VGM001001664_02_n	1869	922
VGM001001665_01_n	714	698
VGM001001665_02_n	729	706
VGM001001666_01_n	759	1095
VGM001001666_02_n	760	1108
VGM001001667_01_n	2560	1626
VGM001001667_02_n	2556	1644
VGM001001668_01_n	2152	1608
VGM001001668_02_n	2234	1669
VGM001001669_01_n	795	1068
VGM001001669_02_n	837	1122
VGM001001670_01_n	1375	856
VGM001001670_02_n	1404	882
VGM001001671_01_n	945	1434
VGM001001671_02_n	968	1429
VGM001001672_01_n	1284	1671
VGM001001672_02_n	1322	1707
VGM001001673_01_n	1290	1209
VGM001001673_02_n	1315	1254
VGM001001674_01_n	2530	1329
VGM001001674_02_n	2595	1384
VGM001001675_01_n	1458	1141
VGM001001676_01_n	1397	2411
VGM001001676_02_n	1397	2417
VGM001001677_01_n	786	866
VGM001001677_02_n	822	890
VGM001001678_01_n	1358	934
VGM001001678_02_n	1380	966
VGM001001679_01_n	2535	1444
VGM001001679_02_n	2594	1470
VGM001001680_01_n	1368	2385
VGM001001680_02_n	1365	2415
VGM001001681_01_n	2115	1270
VGM001001681_02_n	2092	1260
VGM001001682_01_n	1253	1825
VGM001001682_02_n	2487	1871
VGM001001682_03_n	2444	1948
VGM001001682_04_n	2443	1887
VGM001001682_05_n	2493	1871
VGM001001682_06_n	2476	1870
VGM001001682_07_n	2499	1889
VGM001001682_08_n	2466	1864
VGM001001682_09_n	2465	1881
VGM001001682_10_n	2484	1877
VGM001001682_11_n	2512	1905
VGM001001682_12_n	2432	1865
VGM001001682_13_n	1233	1860
VGM001002251_01_n	2200	2710
VGM001002251_02_n	2204	2684
VGM001002252_01_n	2192	2686
VGM001002252_02_n	2180	2699
VGM001002253_01_n	2404	1564
VGM001002253_02_n	2418	1542
VGM001002254_01_n	1410	1069
VGM001002254_02_n	1441	1088
VGM001002255_01_n	1482	1153
VGM001002255_02_n	1488	1156
VGM001003336_01_n	3300	2574
VGM001003336_02_n	3312	2580
VGM001003384_01_n	2890	2236
VGM001003384_02_n	2816	2186
VGM001003385_01_n	2908	2344
VGM001003385_02_n	2837	2313
VGM001003386_01_n	2904	2208
VGM001003386_02_n	2926	2224
VGM001003512_01_n	1427	2171
VGM001003512_02_n	1433	2186
VGM001003517_01_n	1474	2176
VGM001003517_02_n	1450	2181
VGM001004167_01_n	1836	1391
VGM001004167_02_n	1817	1402
VGM001004467_01_n	1688	1094
VGM001004467_02_n	1690	1093
VGM001005012_01_n	3178	2437
VGM001005012_02_n	3235	2460
VGM001007864_01_n	1331	874
VGM001007864_02_n	1338	897
VGM001014938_01_n	1796	1385
VGM001014938_02_n	1802	1394
brief1a-1r	3872	2592
brief1a-1v	3872	2592
brief43-1r	2341	1325
brief43-1v-l	1769	1939
brief570-2r	2057	1314
brief768-2r	2635	4134
