file	width	height
043_1r	1001	620
124_1r	827	1213
124_1v	825	1212
262_3r	230	128
314_1r	1091	1647
314_1v	1176	1656
315_1r	1266	1939
315_2r	1927	1151
315_2v	1919	1138
320_1r	1076	836
320_1v	1079	838
320_2r	478	353
325_1r	466	357
325_1v	465	359
325_2r	467	359
325_2v	466	358
325_3r	2865	2312
328_1r	1948	1527
328_2r	841	555
329_2r	998	1523
412_1r	1672	1077
412_1v	1661	1062
412_2r	1129	655
433_3r	1462	627
433_4r	1362	993
435_3r	554	861
435_3v	548	867
435_4r	534	831
435_4v	609	843
454_1r	2290	1736
454_1v	2359	1613
491_1r	997	657
491_1v	1154	742
493_2r	279	159
569_1r	1187	847
569_1v	1110	847
569_2r	570	869
569_2v	568	868
570_1r	588	918
573_1r	1890	1515
573_1vL	966	1523
575_1r	1165	874
575_1v	1060	824
587_1r	545	834
587_1v	537	821
596_1r	1203	894
596_1v	1204	898
598_1r	1476	1099
598_1rL	742	1144
598_1rR	735	1144
598_1v	1529	1187
598_1vL	771	1187
598_1vR	762	1187
599_1r	1114	860
599_1v	2114	1631
612_1r	1117	801
612_1v	1129	805
618_1r	1367	1047
618_1v	1354	1041
622_1r	1490	972
622_1v	1482	965
622_2r	739	591
622_2v	739	589
622_3r	722	367
622_3v	749	379
627_1r	1656	1302
627_1rL	828	1302
627_1rR	827	1302
627_1v	1568	1208
627_1vL	791	1208
627_1vR	781	1208
627_2r	1719	1598
628_1r	732	951
628_1v	732	952
628_2r	720	937
628_2v	701	910
632_1r	747	966
632_1v	733	952
632_2r	733	953
632_2v	735	951
633_1r	723	937
633_1v	742	962
633_2r	545	835
633_2v	545	834
641_1r	553	854
641_1v	616	933
641_2r	582	887
641_2v	575	861
641_r_rec	1152	863
641_v_rec	1247	890
643_1r	1184	923
643_1v	1188	942
649_1r	1101	834
649_1v	1123	853
651_1r	1540	980
651_1v	1501	957
655_1r	1541	956
655_1v	1497	938
655_2r	548	844
655_2v	537	824
665_1r	959	762
665_1v	956	762
684_1r	1156	868
684_1v	1160	870
687_1r	865	665
687_1v	816	627
689_3r	1335	1049
690_1r	1137	858
690_1v	1151	856
691_2r	1154	1756
691_2v	1957	1160
691_3r	1889	1167
695_1r	839	651
695_1v	837	652
696_1r	1194	876
696_1v	1190	824
698_1r	1395	1015
698_1v	1156	800
703_1r	1160	873
703_1v	1163	872
706_1r	916	725
706_1v	1084	861
716_1r	279	222
716_1v	280	223
739_1r	1913	1447
739_1rL	957	1447
739_1rR	957	1447
739_1v	1893	1447
739_1vL	957	1447
739_1vR	930	1436
740_1r	1391	1083
740_1v	1385	1083
756_1r	1394	1081
756_1v	1399	1092
776_1r	4584	1221
776_1v	2035	1602
778_1r	889	1175
809_1r	544	842
809_1v	565	874
821_1r	1120	865
821_1rL	577	865
821_1rR	577	865
822_1r	1567	965
822_1rL	773	961
822_1v	2253	1351
842_1r	461	356
842_1v	463	354
842_2r	1170	896
849_1r	1505	1182
849_1rL	756	1182
849_1rR	749	1182
849_1v	1513	1183
849_1vL	757	1183
849_1vR	755	1183
851_1r	2242	1733
851_1v	2218	1713
853_1r	1878	2383
853_1v	1881	2423
871_1r	1183	890
871_1rR	1203	891
871_1v	1177	891
883_1r	1188	750
883_1v	1198	750
887_1rR	1065	1379
893_1r	658	818
893_1v	656	813
B0242_01	869	1351
B0242_02	880	1359
RM15_n	1143	1309
VGM001000001_01_n	602	876
VGM001000001_02_n	592	879
VGM001000002_01_n	602	900
VGM001000002_02_n	602	903
VGM001000003_01_n	1152	900
VGM001000003_02_n	1142	898
VGM001000004_01_n	1146	890
VGM001000004_02_n	1146	904
VGM001000005_01_n	1146	898
VGM001000005_02_n	1142	896
VGM001000006_01_n	596	894
VGM001000006_02_n	613	894
VGM001000007_01_n	1142	898
VGM001000007_02_n	1140	902
VGM001000008_01_n	1154	898
VGM001000008_02_n	1154	900
VGM001000009_01_n	1087	873
VGM001000009_02_n	1091	875
VGM001000010_01_n	1075	867
VGM001000010_02_n	1072	865
VGM001000011_01_n	602	894
VGM001000011_02_n	594	888
VGM001000012_01_n	1077	856
VGM001000012_02_n	1077	858
VGM001000013_01_n	961	764
VGM001000013_02_n	957	764
VGM001000014_01_n	501	757
VGM001000014_02_n	499	757
VGM001000015_01_n	560	865
VGM001000015_02_n	554	858
VGM001000016_01_n	1079	860
VGM001000016_02_n	1075	865
VGM001000017_01_n	1075	862
VGM001000017_02_n	1079	854
VGM001000018_01_n	606	883
VGM001000018_02_n	602	879
VGM001000019_01_n	1079	858
VGM001000019_02_n	1085	865
VGM001000020_01_n	1074	858
VGM001000020_02_n	1079	862
VGM001000021_01_n	1075	860
VGM001000021_02_n	1072	862
VGM001000022_01_n	476	592
VGM001000022_02_n	478	592
VGM001000023_01_n	598	942
VGM001000023_02_n	596	942
VGM001000024_01_n	1083	860
VGM001000024_02_n	1079	862
VGM001000025_01_n	963	783
VGM001000025_02_n	963	776
VGM001000026_01_n	756	489
VGM001000026_02_n	750	484
VGM001000027_01_n	961	751
VGM001000027_02_n	967	757
VGM001000028_01_n	1081	869
VGM001000028_02_n	1077	871
VGM001000029_01_n	617	357
VGM001000029_02_n	623	372
VGM001000030_01_n	1148	915
VGM001000030_02_n	1152	913
VGM001000031_01_n	1159	894
VGM001000031_02_n	1152	894
VGM001000032_01_n	1162	894
VGM001000032_02_n	1159	896
VGM001000033_01_n	1089	869
VGM001000033_02_n	1091	867
VGM001000034_01_n	568	871
VGM001000034_02_n	566	867
VGM001000035_01_n	1079	860
VGM001000035_02_n	1079	860
VGM001000036_01_n	505	760
VGM001000036_02_n	499	762
VGM001000037_01_n	1133	879
VGM001000037_02_n	1135	881
VGM001000038_01_n	1167	911
VGM001000038_02_n	1160	915
VGM001000039_01_n	1156	904
VGM001000039_02_n	1160	915
VGM001000040_01_n	1156	913
VGM001000040_02_n	1171	917
VGM001000041_01_n	1150	913
VGM001000041_02_n	1156	913
VGM001000042_01_n	1158	915
VGM001000042_02_n	1161	919
VGM001000043_01_n	1158	917
VGM001000043_02_n	1175	928
VGM001000044_01_n	1167	915
VGM001000044_02_n	1167	909
VGM001000045_01_n	1163	915
VGM001000045_02_n	1165	913
VGM001000046_01_n	1167	917
VGM001000046_02_n	1169	913
VGM001000047_01_n	923	586
VGM001000047_02_n	915	590
VGM001000048_01_n	1192	932
VGM001000048_02_n	1200	936
VGM001000049_01_n	602	898
VGM001000049_02_n	602	894
VGM001000050_01_n	1161	915
VGM001000050_02_n	1164	913
VGM001000051_01_n	1144	897
VGM001000051_02_n	1144	904
VGM001000052_01_n	594	393
VGM001000052_02_n	580	385
VGM001000053_01_n	1162	915
VGM001000053_02_n	1156	913
VGM001000054_01_n	907	588
VGM001000054_02_n	907	590
VGM001000055_01_n	1146	902
VGM001000055_02_n	1146	902
VGM001000056_01_n	1167	909
VGM001000056_02_n	1162	904
VGM001000057_01_n	1142	900
VGM001000057_02_n	1146	901
VGM001000058_01_n	1150	904
VGM001000058_02_n	1152	902
VGM001000059_01_n	1156	911
VGM001000059_02_n	1150	907
VGM001000060_01_n	602	932
VGM001000060_02_n	575	911
VGM001000061_01_n	902	573
VGM001000061_02_n	894	578
VGM001000062_01_n	1129	921
VGM001000062_02_n	1125	917
VGM001000063_01_n	1138	921
VGM001000063_02_n	1123	919
VGM001000064_01_n	1117	913
VGM001000064_02_n	1123	919
VGM001000065_01_n	1121	915
VGM001000065_02_n	1112	917
VGM001000066_01_n	1156	919
VGM001000066_02_n	1150	915
VGM001000067_01_n	1127	921
VGM001000067_02_n	1135	921
VGM001000068_01_n	1129	917
VGM001000068_02_n	1131	919
VGM001000069_01_n	1138	919
VGM001000069_02_n	1146	921
VGM001000070_01_n	1146	900
VGM001000070_02_n	1144	902
VGM001000071_01_n	1144	930
VGM001000071_02_n	1135	925
VGM001000072_01_n	1131	919
VGM001000072_02_n	1129	928
VGM001000073_01_n	1144	934
VGM001000073_02_n	1140	936
VGM001000074_01_n	1140	932
VGM001000074_02_n	1131	930
VGM001000075_01_n	1154	904
VGM001000075_02_n	1152	900
VGM001000076_01_n	1156	909
VGM001000076_02_n	1163	913
VGM001000077_01_n	972	762
VGM001000077_02_n	965	757
VGM001000077_03_n	674	542
VGM001000077_04_n	575	463
VGM001000078_01_n	503	762
VGM001000078_02_n	505	768
VGM001000079_01_n	970	772
VGM001000079_02_n	963	762
VGM001000080_01_n	965	770
VGM001000080_02_n	959	768
VGM001000081_01_n	967	768
VGM001000081_02_n	955	749
VGM001000082_01_n	946	748
VGM001000082_02_n	959	764
VGM001000083_01_n	963	770
VGM001000083_02_n	961	770
VGM001000084_01_n	499	691
VGM001000084_02_n	495	691
VGM001000085_01_n	967	760
VGM001000085_02_n	965	755
VGM001000086_01_n	951	770
VGM001000086_02_n	951	778
VGM001000087_01_n	505	751
VGM001000087_02_n	508	760
VGM001000088_01_n	967	760
VGM001000088_02_n	974	760
VGM001000089_01_n	963	755
VGM001000089_02_n	967	757
VGM001000090_01_n	974	766
VGM001000090_02_n	974	757
VGM001000091_01_n	503	764
VGM001000091_02_n	505	766
VGM001000092_01_n	428	328
VGM001000092_02_n	440	332
VGM001000093_01_n	944	886
VGM001000093_02_n	946	888
VGM001000094_01_n	1185	883
VGM001000094_02_n	1173	886
VGM001000095_01_n	902	879
VGM001000095_02_n	907	879
VGM001000096_01_n	505	757
VGM001000096_02_n	503	757
VGM001000097_01_n	932	879
VGM001000097_02_n	936	890
VGM001000098_01_n	873	710
VGM001000098_02_n	862	692
VGM001000099_01_n	871	695
VGM001000099_02_n	867	692
VGM001000100_01_n	869	707
VGM001000100_02_n	857	694
VGM001000101_01_n	505	751
VGM001000101_02_n	501	751
VGM001000102_01_n	436	673
VGM001000102_02_n	451	682
VGM001000103_01_n	442	682
VGM001000103_02_n	447	693
VGM001000104_01_n	438	686
VGM001000104_02_n	435	681
VGM001000105_01_n	970	762
VGM001000105_02_n	974	760
VGM001000106_01_n	965	768
VGM001000106_02_n	970	768
VGM001000107_01_n	501	760
VGM001000107_02_n	501	762
VGM001000109_01_n	1150	879
VGM001000109_02_n	1150	886
VGM001000110_01_n	1147	894
VGM001000110_02_n	1155	899
VGM001000111_01_n	589	881
VGM001000111_02_n	589	879
VGM001000112_01_n	478	594
VGM001000112_02_n	470	588
VGM001000113_01_n	497	766
VGM001000113_02_n	497	772
VGM001000114_01_n	1150	890
VGM001000114_02_n	1150	890
VGM001000115_01_n	1146	893
VGM001000115_02_n	1162	904
VGM001000116_01_n	1152	904
VGM001000116_02_n	1150	904
VGM001000117_01_n	514	760
VGM001000117_02_n	508	757
VGM001000118_01_n	1121	883
VGM001000118_02_n	1129	881
VGM001000119_01_n	602	890
VGM001000119_02_n	594	886
VGM001000120_01_n	1161	896
VGM001000120_02_n	1159	888
VGM001000121_01_n	1154	904
VGM001000121_02_n	1148	898
VGM001000122_01_n	667	961
VGM001000122_02_n	678	959
VGM001000123_01_n	661	951
VGM001000123_02_n	659	957
VGM001000124_01_n	657	957
VGM001000124_02_n	661	957
VGM001000125_01_n	669	963
VGM001000125_02_n	663	961
VGM001000126_01_n	665	949
VGM001000126_02_n	667	944
VGM001000127_01_n	1397	883
VGM001000127_02_n	1401	892
VGM001000128_01_n	1206	946
VGM001000128_02_n	1209	938
VGM001000129_01_n	663	955
VGM001000129_02_n	653	943
VGM001000130_01_n	667	963
VGM001000130_02_n	667	970
VGM001000131_01_n	659	965
VGM001000131_02_n	665	955
VGM001000132_01_n	678	959
VGM001000132_02_n	680	957
VGM001000133_01_n	671	965
VGM001000133_02_n	673	970
VGM001000134_01_n	678	974
VGM001000134_02_n	665	963
VGM001000135_01_n	665	972
VGM001000135_02_n	663	965
VGM001000136_01_n	1192	898
VGM001000136_02_n	1196	898
VGM001000137_01_n	657	961
VGM001000137_02_n	661	963
VGM001000138_01_n	1154	874
VGM001000138_02_n	1149	873
VGM001000139_01_n	1036	836
VGM001000139_02_n	1034	844
VGM001000140_01_n	1058	841
VGM001000140_02_n	1076	849
VGM001000141_01_n	1054	747
VGM001000141_02_n	1056	753
VGM001000142_01_n	1038	684
VGM001000142_02_n	1043	684
VGM001000143_01_n	1122	882
VGM001000143_02_n	1119	877
VGM001000144_01_n	594	886
VGM001000144_02_n	579	880
VGM001000145_01_n	1152	888
VGM001000145_02_n	1156	907
VGM001000146_01_n	1142	885
VGM001000146_02_n	1167	902
VGM001000147_01_n	1135	874
VGM001000147_02_n	1154	900
VGM001000148_01_n	1149	895
VGM001000148_02_n	1146	890
VGM001000149_01_n	1143	894
VGM001000149_02_n	1142	884
VGM001000150_01_n	1146	895
VGM001000150_02_n	1142	888
VGM001000151_01_n	1161	911
VGM001000151_02_n	1173	904
VGM001000152_01_n	602	900
VGM001000152_02_n	602	898
VGM001000153_01_n	455	570
VGM001000153_02_n	455	574
VGM001000154_01_n	1147	949
VGM001000154_02_n	1169	952
VGM001000155_01_n	1136	893
VGM001000155_02_n	1150	907
VGM001000156_01_n	592	909
VGM001000156_02_n	602	898
VGM001000157_01_n	1156	900
VGM001000157_02_n	1154	898
VGM001000158_01_n	1144	928
VGM001000158_02_n	1138	921
VGM001000159_01_n	602	917
VGM001000159_02_n	602	913
VGM001000160_01_n	1169	909
VGM001000160_02_n	1164	917
VGM001000161_01_n	1167	923
VGM001000161_02_n	1159	915
VGM001000162_01_n	1163	925
VGM001000162_02_n	1163	919
VGM001000163_01_n	587	873
VGM001000163_02_n	592	877
VGM001000164_01_n	871	568
VGM001000164_02_n	872	573
VGM001000165_01_n	1152	896
VGM001000165_02_n	1146	907
VGM001000166_01_n	1152	886
VGM001000166_02_n	1154	904
VGM001000167_01_n	1163	904
VGM001000167_02_n	1167	909
VGM001000168_01_n	1145	889
VGM001000168_02_n	1150	907
VGM001000169_01_n	1146	915
VGM001000169_02_n	1146	917
VGM001000170_01_n	1150	911
VGM001000170_02_n	1145	895
VGM001000171_01_n	1159	904
VGM001000171_02_n	1156	900
VGM001000172_01_n	1173	911
VGM001000172_02_n	1148	888
VGM001000173_01_n	1161	892
VGM001000173_02_n	1148	886
VGM001000174_01_n	1150	898
VGM001000174_02_n	1154	900
VGM001000175_01_n	589	879
VGM001000175_02_n	589	879
VGM001000176_01_n	470	582
VGM001000176_02_n	459	582
VGM001000177_01_n	594	881
VGM001000177_02_n	596	879
VGM001000178_01_n	894	607
VGM001000178_02_n	883	604
VGM001000179_01_n	602	900
VGM001000179_02_n	592	892
VGM001000180_01_n	1123	890
VGM001000180_02_n	1121	879
VGM001000181_01_n	1127	893
VGM001000181_02_n	1127	888
VGM001000182_01_n	1150	898
VGM001000182_02_n	1164	902
VGM001000183_01_n	1127	888
VGM001000183_02_n	1129	898
VGM001000184_01_n	997	789
VGM001000184_02_n	995	793
VGM001000185_01_n	1142	900
VGM001000185_02_n	1140	900
VGM001000186_01_n	1140	900
VGM001000186_02_n	1141	892
VGM001000187_01_n	596	902
VGM001000187_02_n	581	886
VGM001000188_01_n	1133	900
VGM001000188_02_n	1146	904
VGM001000189_01_n	1133	898
VGM001000189_02_n	1135	900
VGM001000190_01_n	1135	900
VGM001000190_02_n	1129	898
VGM001000191_01_n	472	590
VGM001000191_02_n	468	578
VGM001000192_01_n	1135	892
VGM001000192_02_n	1133	888
VGM001000193_01_n	1152	894
VGM001000193_02_n	1152	900
VGM001000194_01_n	1135	884
VGM001000194_02_n	1148	902
VGM001000195_01_n	1146	907
VGM001000195_02_n	1144	902
VGM001000196_01_n	1138	894
VGM001000196_02_n	1135	894
VGM001000197_01_n	1137	902
VGM001000197_02_n	1135	896
VGM001000198_01_n	1131	894
VGM001000198_02_n	1140	900
VGM001000199_01_n	587	896
VGM001000199_02_n	587	890
VGM001000200_01_n	1142	896
VGM001000200_02_n	1144	898
VGM001000201_01_n	1121	886
VGM001000201_02_n	1121	885
VGM001000202_01_n	1127	879
VGM001000202_02_n	1123	879
VGM001000203_01_n	1121	878
VGM001000203_02_n	1123	879
VGM001000204_01_n	1141	890
VGM001000204_02_n	1142	889
VGM001000205_01_n	1138	888
VGM001000205_02_n	1140	890
VGM001000206_01_n	1142	890
VGM001000206_02_n	1135	886
VGM001000207_01_n	1116	876
VGM001000207_02_n	1117	879
VGM001000208_01_n	1109	874
VGM001000208_02_n	1113	879
VGM001000209_01_n	577	874
VGM001000209_02_n	575	878
VGM001000210_01_n	575	879
VGM001000210_02_n	573	879
VGM001000211_01_n	571	879
VGM001000211_02_n	578	892
VGM001000212_01_n	1152	885
VGM001000212_02_n	1155	886
VGM001000213_01_n	1142	886
VGM001000213_02_n	1140	885
VGM001000214_01_n	1019	808
VGM001000214_02_n	1019	806
VGM001000215_01_n	1159	879
VGM001000215_02_n	1161	879
VGM001000216_01_n	1147	895
VGM001000216_02_n	1145	893
VGM001000217_01_n	1145	895
VGM001000217_02_n	1142	895
VGM001000218_01_n	1144	892
VGM001000218_02_n	1142	895
VGM001000219_01_n	907	509
VGM001000219_02_n	903	514
VGM001000220_01_n	1137	885
VGM001000220_02_n	1140	886
VGM001000221_01_n	1144	889
VGM001000221_02_n	1144	889
VGM001000222_01_n	1142	883
VGM001000222_02_n	1144	888
VGM001000223_01_n	1137	886
VGM001000223_02_n	1141	886
VGM001000224_01_n	585	888
VGM001000224_02_n	584	886
VGM001000225_01_n	1140	888
VGM001000225_02_n	1141	882
VGM001000226_01_n	1137	885
VGM001000226_02_n	1134	885
VGM001000227_01_n	1137	888
VGM001000227_02_n	1133	885
VGM001000228_01_n	1140	888
VGM001000228_02_n	1138	888
VGM001000229_01_n	582	416
VGM001000229_02_n	584	415
VGM001000230_01_n	1131	889
VGM001000230_02_n	1137	890
VGM001000231_01_n	1130	886
VGM001000231_02_n	1130	886
VGM001000232_01_n	1135	886
VGM001000232_02_n	1135	888
VGM001000233_01_n	1131	886
VGM001000233_02_n	1137	885
VGM001000234_01_n	1155	883
VGM001000234_02_n	1161	882
VGM001000235_01_n	1140	885
VGM001000235_02_n	1142	889
VGM001000236_01_n	1144	893
VGM001000236_02_n	1135	893
VGM001000237_01_n	1117	892
VGM001000237_02_n	1106	902
VGM001000238_01_n	1145	879
VGM001000238_02_n	1131	877
VGM001000239_01_n	1148	890
VGM001000239_02_n	1151	889
VGM001000240_01_n	1148	885
VGM001000240_02_n	1148	888
VGM001000241_01_n	1145	886
VGM001000241_02_n	1142	889
VGM001000242_01_n	582	456
VGM001000242_02_n	573	452
VGM001000243_01_n	1142	879
VGM001000243_02_n	1147	888
VGM001000244_01_n	1149	909
VGM001000244_02_n	1138	918
VGM001000245_01_n	906	573
VGM001000245_02_n	900	575
VGM001000246_01_n	1155	896
VGM001000246_02_n	1151	890
VGM001000247_01_n	1149	883
VGM001000247_02_n	1149	879
VGM001000248_01_n	1151	886
VGM001000248_02_n	1152	879
VGM001000249_01_n	1141	886
VGM001000249_02_n	1138	883
VGM001000250_01_n	581	886
VGM001000250_02_n	580	886
VGM001000251_01_n	572	453
VGM001000251_02_n	572	451
VGM001000252_01_n	1130	890
VGM001000252_02_n	1142	892
VGM001000253_01_n	1135	890
VGM001000253_02_n	1140	893
VGM001000254_01_n	609	893
VGM001000254_02_n	602	892
VGM001000255_01_n	592	395
VGM001000255_02_n	595	396
VGM001000256_01_n	1119	889
VGM001000256_02_n	1140	897
VGM001000257_01_n	909	616
VGM001000257_02_n	901	608
VGM001000258_01_n	1151	879
VGM001000258_02_n	1156	878
VGM001000259_01_n	1140	886
VGM001000259_02_n	1135	882
VGM001000260_01_n	1110	883
VGM001000260_02_n	1112	900
VGM001000261_01_n	1138	883
VGM001000261_02_n	1134	879
VGM001000262_01_n	1138	895
VGM001000262_02_n	1140	890
VGM001000263_01_n	571	879
VGM001000263_02_n	573	879
VGM001000264_01_n	1123	879
VGM001000264_02_n	1137	886
VGM001000265_01_n	590	397
VGM001000265_02_n	585	393
VGM001000266_01_n	1131	902
VGM001000266_02_n	1137	897
VGM001000267_01_n	972	556
VGM001000267_02_n	976	564
VGM001000268_01_n	1129	888
VGM001000268_02_n	1135	893
VGM001000269_01_n	1148	900
VGM001000269_02_n	1145	902
VGM001000270_01_n	1144	900
VGM001000270_02_n	1125	894
VGM001000271_01_n	1144	897
VGM001000271_02_n	1154	900
VGM001000272_01_n	1144	897
VGM001000272_02_n	1140	899
VGM001000273_01_n	592	892
VGM001000273_02_n	602	896
VGM001000274_01_n	1140	897
VGM001000274_02_n	1154	907
VGM001000275_01_n	1144	899
VGM001000275_02_n	1144	899
VGM001000276_01_n	1145	892
VGM001000276_02_n	1142	895
VGM001000277_01_n	1149	895
VGM001000277_02_n	1141	888
VGM001000278_01_n	1147	890
VGM001000278_02_n	1148	899
VGM001000279_01_n	1161	903
VGM001000279_02_n	1147	903
VGM001000280_01_n	589	886
VGM001000280_02_n	585	888
VGM001000281_01_n	1135	885
VGM001000281_02_n	1134	893
VGM001000282_01_n	1128	888
VGM001000282_02_n	1135	883
VGM001000283_01_n	1137	897
VGM001000283_02_n	1135	890
VGM001000284_01_n	1119	879
VGM001000284_02_n	1124	889
VGM001000285_01_n	1134	888
VGM001000285_02_n	1135	886
VGM001000286_01_n	1151	893
VGM001000286_02_n	1149	893
VGM001000287_01_n	601	888
VGM001000287_02_n	587	892
VGM001000288_01_n	1159	895
VGM001000288_02_n	1156	899
VGM001000289_01_n	1138	889
VGM001000289_02_n	1131	899
VGM001000290_01_n	599	890
VGM001000290_02_n	582	890
VGM001000291_01_n	1142	904
VGM001000291_02_n	1119	882
VGM001000292_01_n	584	890
VGM001000292_02_n	582	895
VGM001000293_01_n	888	581
VGM001000293_02_n	589	893
VGM001000294_01_n	578	587
VGM001000294_02_n	581	588
VGM001000295_01_n	1137	889
VGM001000295_02_n	1137	893
VGM001000296_01_n	602	893
VGM001000296_02_n	585	896
VGM001000297_01_n	587	589
VGM001000297_02_n	583	592
VGM001000298_01_n	1131	893
VGM001000298_02_n	1133	893
VGM001000299_01_n	585	891
VGM001000299_02_n	576	887
VGM001000300_01_n	1165	946
VGM001000300_02_n	1163	948
VGM001000301_01_n	1120	888
VGM001000301_02_n	1131	897
VGM001000302_01_n	1138	900
VGM001000302_02_n	1135	885
VGM001000303_01_n	1141	887
VGM001000303_02_n	1141	892
VGM001000304_01_n	1135	890
VGM001000304_02_n	1138	886
VGM001000305_01_n	459	581
VGM001000305_02_n	465	578
VGM001000306_01_n	1124	881
VGM001000306_02_n	1117	883
VGM001000307_01_n	577	885
VGM001000307_02_n	582	882
VGM001000308_01_n	580	889
VGM001000308_02_n	574	882
VGM001000309_01_n	1117	886
VGM001000309_02_n	1126	879
VGM001000310_01_n	580	879
VGM001000310_02_n	574	879
VGM001000311_01_n	598	871
VGM001000311_02_n	571	878
VGM001000312_01_n	602	889
VGM001000312_02_n	602	893
VGM001000313_01_n	1141	885
VGM001000313_02_n	1140	888
VGM001000314_01_n	1165	893
VGM001000314_02_n	1159	902
VGM001000315_01_n	1158	899
VGM001000315_02_n	1161	897
VGM001000316_01_n	602	891
VGM001000316_02_n	602	895
VGM001000317_01_n	1162	902
VGM001000317_02_n	1156	895
VGM001000318_01_n	1152	893
VGM001000318_02_n	1156	896
VGM001000319_01_n	1133	897
VGM001000319_02_n	1130	900
VGM001000320_01_n	1141	885
VGM001000320_02_n	1145	896
VGM001000321_01_n	1148	889
VGM001000321_02_n	1149	886
VGM001000322_01_n	602	900
VGM001000322_02_n	602	889
VGM001000323_01_n	1151	885
VGM001000323_02_n	1145	886
VGM001000324_01_n	668	942
VGM001000324_02_n	673	941
VGM001000325_01_n	1152	890
VGM001000325_02_n	1144	896
VGM001000326_01_n	1151	899
VGM001000326_02_n	1155	895
VGM001000327_01_n	1144	893
VGM001000327_02_n	1144	900
VGM001000328_01_n	1152	897
VGM001000328_02_n	1151	902
VGM001000329_01_n	1144	897
VGM001000329_02_n	1138	892
VGM001000330_01_n	1132	880
VGM001000330_02_n	1149	889
VGM001000331_01_n	1141	888
VGM001000331_02_n	1149	899
VGM001000332_01_n	1140	903
VGM001000332_02_n	1155	893
VGM001000333_01_n	1130	880
VGM001000333_02_n	1142	892
VGM001000334_01_n	589	592
VGM001000334_02_n	584	592
VGM001000335_01_n	1151	895
VGM001000335_02_n	1144	890
VGM001000336_01_n	591	819
VGM001000336_02_n	588	827
VGM001000337_01_n	1127	888
VGM001000337_02_n	1137	890
VGM001000338_01_n	1141	896
VGM001000338_02_n	1138	897
VGM001000339_01_n	1149	895
VGM001000339_02_n	1135	884
VGM001000340_01_n	1140	890
VGM001000340_02_n	1144	890
VGM001000341_01_n	589	889
VGM001000341_02_n	582	886
VGM001000342_01_n	585	715
VGM001000342_02_n	585	708
VGM001000343_01_n	1151	890
VGM001000343_02_n	1152	892
VGM001000344_01_n	1159	897
VGM001000344_02_n	1155	896
VGM001000345_01_n	1155	897
VGM001000345_02_n	1156	900
VGM001000346_01_n	573	315
VGM001000346_02_n	569	315
VGM001000347_01_n	1161	899
VGM001000347_02_n	1155	900
VGM001000348_01_n	1151	897
VGM001000348_02_n	1144	906
VGM001000349_01_n	1145	893
VGM001000349_02_n	1147	895
VGM001000350_01_n	1149	895
VGM001000350_02_n	1141	895
VGM001000351_01_n	603	892
VGM001000351_02_n	602	889
VGM001000352_01_n	603	899
VGM001000352_02_n	598	892
VGM001000353_01_n	1142	904
VGM001000353_02_n	1149	902
VGM001000354_01_n	1166	909
VGM001000354_02_n	1173	899
VGM001000355_01_n	1145	900
VGM001000355_02_n	1145	899
VGM001000356_01_n	1145	903
VGM001000356_02_n	1145	899
VGM001000357_01_n	576	891
VGM001000357_02_n	596	896
VGM001000358_01_n	1145	903
VGM001000358_02_n	1145	900
VGM001000359_01_n	576	886
VGM001000359_02_n	577	885
VGM001000360_01_n	1145	902
VGM001000360_02_n	1135	884
VGM001000360_02_nL	566	884
VGM001000360_02_nR	569	884
VGM001000361_01_n	1114	860
VGM001000361_02_n	1119	860
VGM001000362_01_n	565	859
VGM001000362_02_n	570	862
VGM001000363_01_n	1145	896
VGM001000363_02_n	1145	896
VGM001000364_01_n	588	893
VGM001000364_02_n	595	892
VGM001000365_01_n	1145	892
VGM001000365_02_n	1130	889
VGM001000366_01_n	1128	895
VGM001000366_02_n	1131	889
VGM001000367_01_n	1145	903
VGM001000367_02_n	1145	903
VGM001000368_01_n	1145	903
VGM001000368_02_n	1145	903
VGM001000369_01_n	575	869
VGM001000369_02_n	577	862
VGM001000370_01_n	1145	903
VGM001000370_02_n	1145	903
VGM001000371_01_n	606	888
VGM001000371_02_n	574	877
VGM001000372_01_n	1145	868
VGM001000372_02_n	1135	871
VGM001000373_01_n	1130	872
VGM001000373_02_n	1131	869
VGM001000374_01_n	1126	874
VGM001000374_02_n	1120	863
VGM001000375_01_n	452	575
VGM001000375_02_n	452	577
VGM001000376_01_n	1141	862
VGM001000376_02_n	1138	865
VGM001000377_01_n	1134	872
VGM001000377_02_n	1130	865
VGM001000378_01_n	1135	868
VGM001000378_02_n	1139	866
VGM001000379_01_n	1134	894
VGM001000379_02_n	1132	894
VGM001000380_01_n	1121	897
VGM001000380_02_n	1123	895
VGM001000381_01_n	1134	903
VGM001000381_02_n	1133	896
VGM001000382_01_n	1145	903
VGM001000382_02_n	1145	903
VGM001000383_01_n	1145	903
VGM001000383_02_n	1145	903
VGM001000384_01_n	1161	899
VGM001000384_02_n	1158	903
VGM001000385_01_n	603	898
VGM001000385_02_n	598	890
VGM001000386_01_n	1151	904
VGM001000386_02_n	1147	899
VGM001000387_01_n	1138	893
VGM001000387_02_n	1145	893
VGM001000388_01_n	1145	895
VGM001000388_02_n	1136	893
VGM001000389_01_n	1145	903
VGM001000389_02_n	1135	898
VGM001000390_01_n	1133	882
VGM001000390_02_n	1145	893
VGM001000391_01_n	1145	897
VGM001000391_02_n	1145	895
VGM001000392_01_n	1139	891
VGM001000392_02_n	1145	893
VGM001000393_01_n	1145	894
VGM001000393_02_n	1145	891
VGM001000394_01_n	591	899
VGM001000394_02_n	602	889
VGM001000395_01_n	1145	892
VGM001000395_02_n	1145	895
VGM001000396_01_n	1145	893
VGM001000396_02_n	1145	889
VGM001000397_01_n	1129	878
VGM001000397_02_n	1145	889
VGM001000398_01_n	595	893
VGM001000398_02_n	598	885
VGM001000399_01_n	1145	903
VGM001000399_02_n	1145	903
VGM001000400_01_n	1133	891
VGM001000400_02_n	1120	883
VGM001000401_01_n	1112	879
VGM001000401_02_n	1109	875
VGM001000402_01_n	1142	883
VGM001000402_02_n	1141	885
VGM001000403_01_n	592	879
VGM001000403_02_n	589	879
VGM001000404_01_n	1131	885
VGM001000404_02_n	1128	881
VGM001000405_01_n	1117	883
VGM001000405_02_n	1116	879
VGM001000406_01_n	1114	883
VGM001000406_02_n	1113	879
VGM001000407_01_n	573	882
VGM001000407_02_n	574	885
VGM001000408_01_n	1121	876
VGM001000408_02_n	1126	876
VGM001000409_01_n	1131	885
VGM001000409_02_n	1128	883
VGM001000410_01_n	1134	888
VGM001000410_02_n	1127	876
VGM001000411_01_n	588	877
VGM001000411_02_n	589	883
VGM001000412_01_n	1130	889
VGM001000412_02_n	1126	879
VGM001000413_01_n	577	883
VGM001000413_02_n	575	882
VGM001000414_01_n	1129	875
VGM001000414_02_n	1127	886
VGM001000415_01_n	1116	888
VGM001000415_02_n	1116	883
VGM001000416_01_n	1127	885
VGM001000416_02_n	1120	882
VGM001000417_01_n	1137	889
VGM001000417_02_n	1140	883
VGM001000418_01_n	1133	889
VGM001000418_02_n	1138	885
VGM001000419_01_n	886	575
VGM001000419_02_n	889	578
VGM001000420_01_n	1138	878
VGM001000420_02_n	1141	882
VGM001000421_01_n	592	884
VGM001000421_02_n	588	881
VGM001000422_01_n	1144	885
VGM001000422_02_n	1148	888
VGM001000423_01_n	585	886
VGM001000423_02_n	587	888
VGM001000424_01_n	1145	890
VGM001000424_02_n	1138	892
VGM001000425_01_n	591	398
VGM001000425_02_n	599	404
VGM001000426_01_n	1140	886
VGM001000426_02_n	1138	888
VGM001000427_01_n	1135	890
VGM001000427_02_n	1138	888
VGM001000428_01_n	588	889
VGM001000428_02_n	585	883
VGM001000429_01_n	1141	882
VGM001000429_02_n	1131	886
VGM001000430_01_n	1133	911
VGM001000430_02_n	1131	907
VGM001000431_01_n	585	885
VGM001000431_02_n	592	886
VGM001000432_01_n	1142	888
VGM001000432_02_n	1147	888
VGM001000433_01_n	1147	888
VGM001000433_02_n	1142	883
VGM001000434_01_n	1140	892
VGM001000434_02_n	1135	890
VGM001000435_01_n	1151	892
VGM001000435_02_n	1152	895
VGM001000436_01_n	587	892
VGM001000436_02_n	582	888
VGM001000437_01_n	1133	900
VGM001000437_02_n	1138	900
VGM001000438_01_n	1148	885
VGM001000438_02_n	1145	893
VGM001000439_01_n	1152	888
VGM001000439_02_n	1151	892
VGM001000440_01_n	591	885
VGM001000440_02_n	595	883
VGM001000441_01_n	1120	885
VGM001000441_02_n	1121	881
VGM001000442_01_n	1133	889
VGM001000442_02_n	1131	892
VGM001000443_01_n	1145	882
VGM001000443_02_n	1142	879
VGM001000444_01_n	1141	886
VGM001000444_02_n	1145	885
VGM001000445_01_n	1147	886
VGM001000445_02_n	1145	882
VGM001000446_01_n	1142	885
VGM001000446_02_n	1141	881
VGM001000447_01_n	1145	886
VGM001000447_02_n	1145	885
VGM001000448_01_n	1141	885
VGM001000448_02_n	1147	889
VGM001000448r_01_n	1141	885
VGM001000449_01_n	599	397
VGM001000449_02_n	591	395
VGM001000450_01_n	1142	887
VGM001000450_02_n	1145	892
VGM001000451_01_n	1144	882
VGM001000451_02_n	1148	889
VGM001000452_01_n	594	882
VGM001000452_02_n	591	883
VGM001000453_01_n	1151	883
VGM001000453_02_n	1156	888
VGM001000454_01_n	1155	890
VGM001000454_02_n	1154	892
VGM001000455_01_n	1138	896
VGM001000455_02_n	1140	896
VGM001000456_01_n	1134	889
VGM001000456_02_n	1133	897
VGM001000457_01_n	1156	892
VGM001000457_02_n	1155	892
VGM001000458_01_n	1137	890
VGM001000458_02_n	1133	896
VGM001000459_01_n	1138	890
VGM001000459_02_n	1137	886
VGM001000460_01_n	1137	885
VGM001000460_02_n	1141	892
VGM001000461_01_n	1134	892
VGM001000461_02_n	1137	889
VGM001000462_01_n	1145	892
VGM001000462_02_n	1142	886
VGM001000463_01_n	1135	890
VGM001000463_02_n	1134	890
VGM001000464_01_n	1135	886
VGM001000464_02_n	1135	888
VGM001000465_01_n	1131	889
VGM001000465_02_n	1133	890
VGM001000466_01_n	1133	893
VGM001000466_02_n	1131	890
VGM001000467_01_n	1135	893
VGM001000467_02_n	1134	893
VGM001000468_01_n	1141	888
VGM001000468_02_n	1141	889
VGM001000469_01_n	1133	885
VGM001000469_02_n	1135	893
VGM001000470_01_n	588	889
VGM001000470_02_n	580	883
VGM001000471_01_n	1140	899
VGM001000471_02_n	1134	895
VGM001000472_01_n	1140	896
VGM001000472_02_n	1131	892
VGM001000473_01_n	1140	897
VGM001000473_02_n	1133	895
VGM001000474_01_n	1141	892
VGM001000474_02_n	1133	892
VGM001000475_01_n	566	890
VGM001000475_02_n	608	892
VGM001000476_01_n	1145	889
VGM001000476_02_n	1134	888
VGM001000477_01_n	1128	888
VGM001000477_02_n	1128	889
VGM001000478_01_n	1138	888
VGM001000478_02_n	1134	889
VGM001000479_01_n	887	568
VGM001000479_02_n	892	579
VGM001000480_01_n	1130	886
VGM001000480_02_n	1128	888
VGM001000481_01_n	1133	893
VGM001000481_02_n	1134	896
VGM001000482_01_n	1123	889
VGM001000482_02_n	1128	893
VGM001000483_01_n	1133	890
VGM001000483_02_n	1127	895
VGM001000484_01_n	583	887
VGM001000484_02_n	592	895
VGM001000485_01_n	1130	890
VGM001000485_02_n	1128	895
VGM001000486_01_n	1131	890
VGM001000486_02_n	1133	890
VGM001000487_01_n	1135	893
VGM001000487_02_n	1137	895
VGM001000487_02_nL	567	895
VGM001000487_02_nR	568	895
VGM001000488_01_n	1135	892
VGM001000488_02_n	1133	899
VGM001000489_01_n	1128	892
VGM001000489_02_n	1130	893
VGM001000490_01_n	1127	897
VGM001000490_02_n	1127	899
VGM001000491_01_n	897	570
VGM001000491_02_n	895	572
VGM001000492_01_n	1135	880
VGM001000492_02_n	1128	882
VGM001000493_01_n	1232	960
VGM001000493_02_n	1236	958
VGM001000494_01_n	639	237
VGM001000494_02_n	641	247
VGM001000495_01_n	1140	896
VGM001000495_02_n	1141	900
VGM001000496_01_n	1071	836
VGM001000496_02_n	1065	834
VGM001000497_01_n	550	837
VGM001000497_02_n	552	841
VGM001000498_01_n	605	896
VGM001000498_02_n	603	896
VGM001000499_01_n	1137	886
VGM001000499_02_n	1133	885
VGM001000500_01_n	473	798
VGM001000500_02_n	482	802
VGM001000501_01_n	479	801
VGM001000501_02_n	477	802
VGM001000502_01_n	584	881
VGM001000502_02_n	592	892
VGM001000503_01_n	1128	881
VGM001000503_02_n	1142	893
VGM001000504_01_n	1134	885
VGM001000504_02_n	1141	890
VGM001000505_01_n	1128	895
VGM001000505_02_n	1121	890
VGM001000506_01_n	580	461
VGM001000506_02_n	584	457
VGM001000507_01_n	1127	890
VGM001000507_02_n	1120	889
VGM001000508_01_n	590	397
VGM001000508_02_n	599	403
VGM001000509_01_n	1134	892
VGM001000509_02_n	1133	886
VGM001000510_01_n	1147	890
VGM001000510_02_n	1145	890
VGM001000511_01_n	1149	899
VGM001000511_02_n	1142	893
VGM001000512_01_n	579	894
VGM001000512_02_n	588	895
VGM001000513_01_n	1144	896
VGM001000513_02_n	1145	893
VGM001000514_01_n	1130	895
VGM001000514_02_n	1133	895
VGM001000515_01_n	1144	896
VGM001000515_02_n	1142	895
VGM001000516_01_n	1133	886
VGM001000516_02_n	1128	885
VGM001000517_01_n	1135	890
VGM001000517_02_n	1138	900
VGM001000518_01_n	1142	903
VGM001000518_02_n	1140	895
VGM001000519_01_n	602	895
VGM001000519_02_n	606	896
VGM001000520_01_n	1138	896
VGM001000520_02_n	1138	897
VGM001000521_01_n	1140	895
VGM001000521_02_n	1134	888
VGM001000522_01_n	578	454
VGM001000522_02_n	577	457
VGM001000523_01_n	578	461
VGM001000523_02_n	589	457
VGM001000524_01_n	1141	902
VGM001000524_02_n	1138	903
VGM001000525_01_n	591	721
VGM001000525_02_n	590	719
VGM001000526_01_n	1148	897
VGM001000526_02_n	1138	899
VGM001000527_01_n	1136	886
VGM001000527_02_n	1141	889
VGM001000528_01_n	1138	880
VGM001000528_02_n	1138	885
VGM001000529_01_n	892	580
VGM001000529_02_n	903	585
VGM001000530_01_n	1140	903
VGM001000530_02_n	1133	896
VGM001000531_01_n	1132	892
VGM001000531_02_n	1133	899
VGM001000532_01_n	1128	882
VGM001000532_02_n	1124	889
VGM001000533_01_n	1126	886
VGM001000533_02_n	1121	896
VGM001000534_01_n	1121	895
VGM001000534_02_n	1117	895
VGM001000535_01_n	1123	885
VGM001000535_02_n	1120	885
VGM001000536_01_n	1128	893
VGM001000536_02_n	1127	896
VGM001000537_01_n	1101	877
VGM001000537_02_n	1106	873
VGM001000538_01_n	1149	889
VGM001000538_02_n	1145	886
VGM001000539_01_n	1128	893
VGM001000539_02_n	1130	893
VGM001000540_01_n	1127	895
VGM001000540_02_n	1120	886
VGM001000541_01_n	588	883
VGM001000541_02_n	588	886
VGM001000542_01_n	1139	893
VGM001000542_02_n	1142	889
VGM001000543_01_n	587	886
VGM001000543_02_n	587	886
VGM001000544_01_n	591	890
VGM001000544_02_n	585	892
VGM001000545_01_n	603	892
VGM001000545_02_n	601	895
VGM001000546_01_n	1149	893
VGM001000546_02_n	1146	888
VGM001000547_01_n	587	883
VGM001000547_02_n	591	885
VGM001000548_01_n	1110	888
VGM001000548_02_n	1107	887
VGM001000549_01_n	580	885
VGM001000549_02_n	571	879
VGM001000550_01_n	580	892
VGM001000550_02_n	583	890
VGM001000551_01_n	451	595
VGM001000551_02_n	464	601
VGM001000552_01_n	488	322
VGM001000552_02_n	489	326
VGM001000553_01_n	1128	879
VGM001000553_02_n	1132	888
VGM001000554_01_n	580	879
VGM001000554_02_n	586	879
VGM001000555_01_n	1101	888
VGM001000555_02_n	1101	887
VGM001000556_01_n	1114	879
VGM001000556_02_n	1113	879
VGM001000557_01_n	1106	884
VGM001000557_02_n	1105	883
VGM001000558_01_n	1101	879
VGM001000558_02_n	1105	883
VGM001000559_01_n	1121	889
VGM001000559_02_n	1132	898
VGM001000560_01_n	1132	891
VGM001000560_02_n	1131	890
VGM001000561_01_n	887	559
VGM001000561_02_n	886	563
VGM001000562_01_n	1123	885
VGM001000562_02_n	1128	889
VGM001000563_01_n	586	889
VGM001000563_02_n	576	887
VGM001000564_01_n	1132	890
VGM001000564_02_n	1132	897
VGM001000565_01_n	1096	892
VGM001000565_02_n	1097	893
VGM001000566_01_n	943	752
VGM001000566_02_n	942	753
VGM001000567_01_n	1128	893
VGM001000567_02_n	1133	896
VGM001000568_01_n	1134	896
VGM001000568_02_n	1131	900
VGM001000569_01_n	585	887
VGM001000569_02_n	576	879
VGM001000570_01_n	1128	883
VGM001000570_02_n	1132	882
VGM001000571_01_n	1126	883
VGM001000571_02_n	1126	879
VGM001000572_01_n	1131	859
VGM001000572_02_n	1132	859
VGM001000573_01_n	1108	886
VGM001000573_02_n	1111	884
VGM001000574_01_n	894	567
VGM001000574_02_n	888	565
VGM001000575_01_n	887	557
VGM001000575_02_n	889	559
VGM001000576_01_n	1131	884
VGM001000576_02_n	1133	883
VGM001000577_01_n	1132	879
VGM001000577_02_n	1131	881
VGM001000578_01_n	1120	893
VGM001000578_02_n	1119	890
VGM001000579_01_n	1129	888
VGM001000579_02_n	1128	879
VGM001000580_01_n	589	886
VGM001000580_02_n	583	884
VGM001000581_01_n	1122	887
VGM001000581_02_n	1120	886
VGM001000582_01_n	260	343
VGM001000582_02_n	268	345
VGM001000583_01_n	1115	879
VGM001000583_02_n	1113	879
VGM001000584_01_n	1116	883
VGM001000584_02_n	1116	874
VGM001000585_01_n	582	879
VGM001000585_02_n	580	879
VGM001000586_01_n	1131	897
VGM001000586_02_n	1123	897
VGM001000587_01_n	1103	884
VGM001000587_02_n	1101	883
VGM001000588_01_n	1121	888
VGM001000588_02_n	1128	887
VGM001000589_01_n	1127	884
VGM001000589_02_n	1129	888
VGM001000590_01_n	575	879
VGM001000590_02_n	581	879
VGM001000591_01_n	1114	889
VGM001000591_02_n	1112	887
VGM001000592_01_n	1132	886
VGM001000592_02_n	1127	885
VGM001000593_01_n	580	882
VGM001000593_02_n	568	880
VGM001000594_01_n	1154	875
VGM001000594_02_n	1150	879
VGM001000595_01_n	1132	895
VGM001000595_02_n	1126	889
VGM001000596_01_n	570	887
VGM001000596_02_n	566	887
VGM001000597_01_n	1103	884
VGM001000597_01_nL	551	884
VGM001000597_01_nR	553	884
VGM001000597_02_n	1101	886
VGM001000598_01_n	1129	898
VGM001000598_02_n	1128	894
VGM001000599_01_n	1149	879
VGM001000599_02_n	1150	886
VGM001000600_01_n	1150	888
VGM001000600_02_n	1152	884
VGM001000601_01_n	564	893
VGM001000601_02_n	581	892
VGM001000602_01_n	1125	894
VGM001000602_02_n	1125	900
VGM001000603_01_n	1121	895
VGM001000603_02_n	1123	893
VGM001000604_01_n	1138	907
VGM001000604_02_n	1126	897
VGM001000605_01_n	1114	897
VGM001000605_02_n	1121	900
VGM001000606_01_n	1106	879
VGM001000606_02_n	1107	886
VGM001000607_01_n	1118	885
VGM001000607_02_n	1112	882
VGM001000608_01_n	1129	900
VGM001000608_02_n	1120	902
VGM001000609_01_n	1121	894
VGM001000609_02_n	1116	897
VGM001000610_01_n	1130	897
VGM001000610_02_n	1118	907
VGM001000611_01_n	1117	892
VGM001000611_02_n	1126	896
VGM001000612_01_n	1112	886
VGM001000612_02_n	1111	891
VGM001000613_01_n	583	894
VGM001000613_02_n	581	883
VGM001000614_01_n	619	362
VGM001000614_02_n	617	362
VGM001000615_01_n	1103	886
VGM001000615_02_n	1101	887
VGM001000616_01_n	1123	904
VGM001000616_02_n	1125	902
VGM001000617_01_n	1107	886
VGM001000617_02_n	1112	890
VGM001000618_01_n	1107	850
VGM001000618_02_n	1121	860
VGM001000619_01_n	1141	907
VGM001000619_02_n	1147	905
VGM001000620_01_n	1133	893
VGM001000620_02_n	1127	893
VGM001000621_01_n	1133	890
VGM001000621_02_n	1137	895
VGM001000622_01_n	1126	897
VGM001000622_02_n	1137	907
VGM001000623_01_n	728	573
VGM001000623_02_n	741	580
VGM001000624_01_n	1131	911
VGM001000624_02_n	1133	909
VGM001000625_01_n	1127	904
VGM001000625_02_n	1108	897
VGM001000626_01_n	602	907
VGM001000626_02_n	581	898
VGM001000627_01_n	1121	903
VGM001000627_02_n	1131	907
VGM001000628_01_n	1123	902
VGM001000628_02_n	1127	720
VGM001000629_01_n	584	627
VGM001000629_02_n	602	734
VGM001000630_01_n	1131	718
VGM001000630_02_n	1133	812
VGM001000631_01_n	1123	721
VGM001000631_02_n	1123	806
VGM001000632_01_n	1107	891
VGM001000632_02_n	1111	887
VGM001000633_01_n	1106	887
VGM001000633_01_nL	553	887
VGM001000633_01_nR	552	887
VGM001000633_02_n	1105	885
VGM001000633_02_nL	558	885
VGM001000633_02_nR	548	885
VGM001000634_01_n	1120	892
VGM001000634_02_n	1122	895
VGM001000635_01_n	1127	909
VGM001000635_02_n	1135	915
VGM001000636_01_n	1121	899
VGM001000636_02_n	1129	904
VGM001000637_01_n	1105	891
VGM001000637_02_n	1098	892
VGM001000638_01_n	1132	895
VGM001000638_02_n	1124	899
VGM001000639_01_n	1135	907
VGM001000639_02_n	1142	913
VGM001000640_01_n	1138	909
VGM001000640_02_n	1125	902
VGM001000641_01_n	592	900
VGM001000641_02_n	587	900
VGM001000642_01_n	1119	895
VGM001000642_02_n	1119	898
VGM001000643_01_n	1152	911
VGM001000643_02_n	1152	911
VGM001000644_01_n	1133	908
VGM001000644_02_n	1127	904
VGM001000645_01_n	1128	901
VGM001000645_02_n	1133	907
VGM001000646_01_n	1117	896
VGM001000646_02_n	1140	908
VGM001000647_01_n	1117	904
VGM001000647_02_n	1111	895
VGM001000648_01_n	1110	900
VGM001000648_02_n	1114	902
VGM001000649_01_n	1127	883
VGM001000649_02_n	1131	879
VGM001000650_01_n	1131	883
VGM001000650_02_n	1117	877
VGM001000651_01_n	1152	903
VGM001000651_02_n	1152	902
VGM001000652_01_n	587	890
VGM001000652_02_n	595	887
VGM001000653_01_n	604	892
VGM001000653_02_n	604	894
VGM001000654_01_n	1161	905
VGM001000654_02_n	1152	896
VGM001000655_01_n	1154	902
VGM001000655_02_n	1159	909
VGM001000656_01_n	1793	1177
VGM001000656_02_n	1795	1162
VGM001000657_01_n	1151	908
VGM001000657_02_n	1154	903
VGM001000658_01_n	1148	904
VGM001000658_02_n	1152	904
VGM001000659_01_n	1143	906
VGM001000659_02_n	1152	919
VGM001000660_01_n	1155	900
VGM001000660_02_n	1152	898
VGM001000661_01_n	1173	913
VGM001000661_02_n	1173	919
VGM001000662_01_n	1156	891
VGM001000662_02_n	1158	897
VGM001000663_01_n	1145	881
VGM001000663_02_n	1146	882
VGM001000664_01_n	1125	895
VGM001000664_02_n	1130	894
VGM001000665_01_n	1122	894
VGM001000665_02_n	1133	898
VGM001000666_01_n	1162	902
VGM001000666_02_n	1169	907
VGM001000667_01_n	1143	919
VGM001000667_02_n	1162	925
VGM001000668_01_n	1128	891
VGM001000668_02_n	1152	911
VGM001000669_01_n	1175	917
VGM001000669_02_n	1175	919
VGM001000670_01_n	1150	888
VGM001000670_02_n	1156	897
VGM001000671_01_n	1135	900
VGM001000671_02_n	1128	905
VGM001000672_01_n	1139	915
VGM001000672_02_n	1130	904
VGM001000673_01_n	1164	919
VGM001000673_02_n	1167	934
VGM001000674_01_n	1164	925
VGM001000674_02_n	1173	934
VGM001000675_01_n	850	478
VGM001000675_02_n	852	475
VGM001000676_01_n	1356	1058
VGM001000676_02_n	1364	1072
VGM001000677_01_n	961	772
VGM001000677_02_n	957	765
VGM001000678_01_n	969	765
VGM001000678_02_n	978	785
VGM001000679_01_n	1131	900
VGM001000679_02_n	1127	894
VGM001000680_01_n	1137	904
VGM001000680_02_n	1139	907
VGM001000681_01_n	1117	892
VGM001000681_02_n	1135	907
VGM001000682_01_n	1003	778
VGM001000682_02_n	995	772
VGM001000683_01_n	1169	923
VGM001000683_02_n	1164	928
VGM001000684_01_n	1152	919
VGM001000684_02_n	1164	916
VGM001000685_01_n	1152	919
VGM001000685_02_n	1150	910
VGM001000686_01_n	1135	875
VGM001000686_02_n	1137	883
VGM001000687_01_n	1137	883
VGM001000687_02_n	1135	883
VGM001000688_01_n	1131	888
VGM001000688_02_n	1122	864
VGM001000688_02_nL	562	864
VGM001000688_02_nR	560	864
VGM001000689_01_n	1146	894
VGM001000689_02_n	1146	894
VGM001000690_01_n	1146	896
VGM001000690_02_n	1135	898
VGM001000691_01_n	596	885
VGM001000691_02_n	596	893
VGM001000692_01_n	1119	868
VGM001000692_02_n	1130	881
VGM001000693_01_n	1151	893
VGM001000693_02_n	1151	888
VGM001000694_01_n	1161	898
VGM001000694_02_n	1151	893
VGM001000695_01_n	1151	893
VGM001000695_02_n	1151	900
VGM001000696_01_n	932	739
VGM001000696_02_n	944	737
VGM001000697_01_n	1149	897
VGM001000697_02_n	1161	902
VGM001000698_01_n	933	739
VGM001000698_02_n	944	745
VGM001000699_01_n	1166	918
VGM001000699_02_n	1159	907
VGM001000700_01_n	1134	874
VGM001000700_02_n	1120	872
VGM001000701_01_n	1127	879
VGM001000701_02_n	1135	869
VGM001000702_01_n	1128	869
VGM001000702_02_n	1126	866
VGM001000703_01_n	1125	870
VGM001000703_02_n	1125	869
VGM001000704_01_n	1131	868
VGM001000704_02_n	1127	868
VGM001000705_01_n	1119	859
VGM001000705_02_n	1125	867
VGM001000706_01_n	1120	869
VGM001000706_02_n	1128	873
VGM001000707_01_n	1124	873
VGM001000707_02_n	1120	871
VGM001000708_01_n	1121	869
VGM001000708_02_n	1117	861
VGM001000709_01_n	1120	863
VGM001000709_02_n	1130	872
VGM001000710_01_n	1120	865
VGM001000710_02_n	1116	863
VGM001000711_01_n	596	860
VGM001000711_02_n	609	870
VGM001000712_01_n	574	865
VGM001000712_02_n	582	866
VGM001000713_01_n	1122	872
VGM001000713_02_n	1117	866
VGM001000714_01_n	1126	871
VGM001000714_02_n	1126	866
VGM001000715_01_n	1122	859
VGM001000715_02_n	1128	865
VGM001000716_01_n	1110	846
VGM001000716_02_n	1105	852
VGM001000717_01_n	574	864
VGM001000717_02_n	578	868
VGM001000718_01_n	1140	866
VGM001000718_02_n	1126	860
VGM001000719_01_n	594	876
VGM001000719_02_n	609	888
VGM001000720_01_n	1120	861
VGM001000720_02_n	1120	858
VGM001000721_01_n	1129	867
VGM001000721_02_n	1128	868
VGM001000722_01_n	1532	1009
VGM001000722_02_n	1534	1014
VGM001000723_01_n	943	740
VGM001000723_02_n	932	745
VGM001000724_01_n	1751	1143
VGM001000724_02_n	1747	1145
VGM001000725_01_n	1119	891
VGM001000725_02_n	1142	902
VGM001000726_01_n	1124	872
VGM001000726_02_n	1117	872
VGM001000727_01_n	1127	859
VGM001000727_02_n	1126	862
VGM001000728_01_n	1124	872
VGM001000728_02_n	1116	860
VGM001000729_01_n	592	902
VGM001000729_02_n	597	900
VGM001000730_01_n	941	743
VGM001000730_02_n	941	746
VGM001000731_01_n	939	742
VGM001000731_02_n	937	742
VGM001000732_01_n	1141	894
VGM001000732_02_n	1138	900
VGM001000733_01_n	595	893
VGM001000733_02_n	588	906
VGM001000734_01_n	1151	895
VGM001000734_02_n	1151	904
VGM001000735_01_n	1139	891
VGM001000735_02_n	1151	902
VGM001000736_01_n	1114	862
VGM001000736_02_n	1109	869
VGM001000737_01_n	1132	890
VGM001000737_02_n	1132	890
VGM001000738_01_n	1136	889
VGM001000738_02_n	1133	883
VGM001000739_01_n	1138	890
VGM001000739_02_n	1134	894
VGM001000740_01_n	591	895
VGM001000740_02_n	590	890
VGM001000741_01_n	1137	888
VGM001000741_02_n	1131	893
VGM001000742_01_n	585	892
VGM001000742_02_n	583	887
VGM001000743_01_n	1125	885
VGM001000743_02_n	1127	884
VGM001000744_01_n	1134	889
VGM001000744_02_n	1132	894
VGM001000745_01_n	1136	887
VGM001000745_02_n	1140	897
VGM001000746_01_n	1146	892
VGM001000746_02_n	1143	894
VGM001000747_01_n	1145	895
VGM001000747_02_n	1143	894
VGM001000748_01_n	588	886
VGM001000748_02_n	585	890
VGM001000749_01_n	1133	894
VGM001000749_02_n	1126	888
VGM001000750_01_n	591	894
VGM001000750_02_n	581	883
VGM001000751_01_n	1139	890
VGM001000751_02_n	1141	884
VGM001000752_01_n	1758	1135
VGM001000752_02_n	1764	1149
VGM001000753_01_n	1135	889
VGM001000753_02_n	1136	886
VGM001000754_01_n	1143	890
VGM001000754_02_n	1141	890
VGM001000755_01_n	1755	1142
VGM001000755_02_n	1758	1141
VGM001000756_01_n	1132	882
VGM001000756_02_n	1141	890
VGM001000757_01_n	1138	890
VGM001000757_02_n	1141	881
VGM001000758_01_n	1140	893
VGM001000758_02_n	1141	892
VGM001000759_01_n	575	889
VGM001000759_02_n	572	886
VGM001000760_01_n	1127	883
VGM001000760_02_n	1129	883
VGM001000761_01_n	1143	892
VGM001000761_02_n	1138	889
VGM001000762_01_n	1134	890
VGM001000762_02_n	1136	886
VGM001000763_01_n	993	802
VGM001000763_02_n	991	805
VGM001000764_01_n	1137	889
VGM001000764_02_n	1137	889
VGM001000765_01_n	899	1134
VGM001000765_02_n	885	1134
VGM001000766_01_n	1135	888
VGM001000766_02_n	1134	893
VGM001000767_01_n	1132	888
VGM001000767_02_n	1137	887
VGM001000768_01_n	1128	888
VGM001000768_02_n	1123	890
VGM001000769_01_n	1132	890
VGM001000769_02_n	1134	888
VGM001000770_01_n	1125	884
VGM001000770_02_n	1125	884
VGM001000771_01_n	581	886
VGM001000771_02_n	582	886
VGM001000772_01_n	1130	886
VGM001000772_02_n	1128	891
VGM001000773_01_n	568	879
VGM001000773_02_n	577	888
VGM001000774_01_n	1128	888
VGM001000774_02_n	1131	893
VGM001000775_01_n	1131	886
VGM001000775_02_n	1133	888
VGM001000776_01_n	1129	889
VGM001000776_02_n	1126	887
VGM001000777_01_n	1133	890
VGM001000777_02_n	1125	886
VGM001000778_01_n	582	886
VGM001000778_02_n	584	889
VGM001000779_01_n	585	869
VGM001000779_02_n	587	871
VGM001000780_01_n	1131	888
VGM001000780_02_n	1127	886
VGM001000781_01_n	582	883
VGM001000781_02_n	579	890
VGM001000782_01_n	1128	888
VGM001000782_02_n	1127	891
VGM001000783_01_n	1132	886
VGM001000783_02_n	1122	883
VGM001000784_01_n	1121	884
VGM001000784_02_n	1119	883
VGM001000785_01_n	576	883
VGM001000785_02_n	577	881
VGM001000786_01_n	1123	886
VGM001000786_02_n	1121	889
VGM001000787_01_n	1119	884
VGM001000787_02_n	1124	893
VGM001000788_01_n	1131	895
VGM001000788_02_n	1126	892
VGM001000789_01_n	580	573
VGM001000789_02_n	583	579
VGM001000790_01_n	1132	878
VGM001000790_02_n	1132	877
VGM001000791_01_n	585	873
VGM001000791_02_n	580	879
VGM001000792_01_n	1128	887
VGM001000792_02_n	1126	890
VGM001000793_01_n	1128	889
VGM001000793_02_n	1128	888
VGM001000794_01_n	575	444
VGM001000794_02_n	573	444
VGM001000795_01_n	1139	877
VGM001000795_02_n	1133	873
VGM001000796_01_n	1136	877
VGM001000796_02_n	1129	874
VGM001000797_01_n	1135	870
VGM001000797_02_n	1139	874
VGM001000798_01_n	619	886
VGM001000798_02_n	622	879
VGM001000799_01_n	573	377
VGM001000799_02_n	576	384
VGM001000800_01_n	574	451
VGM001000800_02_n	577	454
VGM001000801_01_n	1133	879
VGM001000801_02_n	1132	875
VGM001000802_01_n	1136	890
VGM001000802_02_n	1136	898
VGM001000803_01_n	583	887
VGM001000803_02_n	589	892
VGM001000804_01_n	1142	898
VGM001000804_02_n	1136	889
VGM001000805_01_n	1138	895
VGM001000805_02_n	1128	885
VGM001000806_01_n	1136	891
VGM001000806_02_n	1137	888
VGM001000807_01_n	1139	873
VGM001000807_02_n	1131	875
VGM001000808_01_n	1139	873
VGM001000808_02_n	1132	875
VGM001000809_01_n	1128	895
VGM001000809_02_n	1119	891
VGM001000810_01_n	577	873
VGM001000810_02_n	581	872
VGM001000811_01_n	582	872
VGM001000811_02_n	579	868
VGM001000812_01_n	593	879
VGM001000812_02_n	585	872
VGM001000813_01_n	1125	892
VGM001000813_02_n	1123	893
VGM001000814_01_n	1137	877
VGM001000814_02_n	1131	873
VGM001000815_01_n	582	408
VGM001000815_02_n	572	416
VGM001000816_01_n	618	475
VGM001000816_02_n	622	483
VGM001000817_01_n	581	890
VGM001000817_02_n	564	887
VGM001000818_01_n	1121	888
VGM001000818_02_n	1123	887
VGM001000819_01_n	1128	893
VGM001000819_02_n	1126	894
VGM001000820_01_n	1119	890
VGM001000820_02_n	1122	889
VGM001000821_01_n	1124	888
VGM001000821_02_n	1123	890
VGM001000822_01_n	1119	887
VGM001000822_02_n	1120	887
VGM001000823_01_n	576	452
VGM001000823_02_n	571	454
VGM001000824_01_n	1138	889
VGM001000824_02_n	1141	888
VGM001000825_01_n	1119	890
VGM001000825_02_n	1119	890
VGM001000826_01_n	1142	894
VGM001000826_02_n	1134	889
VGM001000827_01_n	1135	890
VGM001000827_02_n	1141	893
VGM001000828_01_n	1140	893
VGM001000828_02_n	1137	892
VGM001000829_01_n	1136	877
VGM001000829_02_n	1131	879
VGM001000830_01_n	1136	894
VGM001000830_02_n	1131	893
VGM001000831_01_n	1131	888
VGM001000831_02_n	1128	888
VGM001000832_01_n	1140	890
VGM001000832_02_n	1137	888
VGM001000833_01_n	1138	888
VGM001000833_02_n	1140	886
VGM001000834_01_n	1144	894
VGM001000834_02_n	1141	889
VGM001000835_01_n	1108	858
VGM001000835_02_n	1111	848
VGM001000836_01_n	1137	887
VGM001000836_02_n	1139	884
VGM001000837_01_n	1139	897
VGM001000837_02_n	1140	880
VGM001000838_01_n	1133	887
VGM001000838_02_n	1139	892
VGM001000839_01_n	1139	892
VGM001000839_02_n	1134	893
VGM001000840_01_n	1134	892
VGM001000840_02_n	1133	889
VGM001000841_01_n	1129	890
VGM001000841_02_n	1128	889
VGM001000842_01_n	1134	890
VGM001000842_02_n	1134	884
VGM001000843_01_n	1134	894
VGM001000843_02_n	1146	889
VGM001000844_01_n	585	886
VGM001000844_02_n	582	884
VGM001000845_01_n	1131	888
VGM001000845_02_n	1132	889
VGM001000846_01_n	1131	892
VGM001000846_02_n	1135	893
VGM001000847_01_n	1138	895
VGM001000847_02_n	1129	893
VGM001000848_01_n	1137	898
VGM001000848_02_n	1140	881
VGM001000849_01_n	578	887
VGM001000849_02_n	580	886
VGM001000850_01_n	1129	891
VGM001000850_02_n	1131	892
VGM001000851_01_n	1137	890
VGM001000851_02_n	1139	893
VGM001000852_01_n	1138	890
VGM001000852_02_n	1137	885
VGM001000853_01_n	1143	887
VGM001000853_02_n	1142	890
VGM001000854_01_n	1137	889
VGM001000854_02_n	1133	887
VGM001000855_01_n	1139	890
VGM001000855_02_n	1137	889
VGM001000856_01_n	521	407
VGM001000856_02_n	522	406
VGM001000857_01_n	1141	893
VGM001000857_02_n	1133	886
VGM001000858_01_n	1142	890
VGM001000858_02_n	1138	894
VGM001000859_01_n	1137	893
VGM001000859_02_n	1139	892
VGM001000860_01_n	1141	886
VGM001000860_02_n	1141	889
VGM001000861_01_n	1139	889
VGM001000861_02_n	1146	886
VGM001000862_01_n	956	767
VGM001000862_02_n	953	763
VGM001000863_01_n	952	767
VGM001000863_02_n	950	766
VGM001000864_01_n	490	755
VGM001000864_02_n	485	757
VGM001000865_01_n	1110	859
VGM001000865_02_n	1109	857
VGM001000866_01_n	1150	892
VGM001000866_02_n	1172	906
VGM001000867_01_n	1121	881
VGM001000867_02_n	1121	887
VGM001000868_01_n	1135	882
VGM001000868_02_n	1134	889
VGM001000869_01_n	580	453
VGM001000869_02_n	580	449
VGM001000870_01_n	1134	879
VGM001000870_02_n	1135	879
VGM001000871_01_n	1133	888
VGM001000871_02_n	1133	883
VGM001000872_01_n	587	887
VGM001000872_02_n	580	884
VGM001000873_01_n	1141	892
VGM001000873_02_n	1138	885
VGM001000874_01_n	1138	887
VGM001000874_02_n	1142	884
VGM001000876_01_n	1120	880
VGM001000876_02_n	1123	881
VGM001000877_01_n	1044	847
VGM001000877_02_n	1042	845
VGM001000878_01_n	1055	849
VGM001000878_02_n	1049	846
VGM001000879_01_n	1131	887
VGM001000879_02_n	1129	887
VGM001000880_01_n	1136	889
VGM001000880_02_n	1139	890
VGM001000881_01_n	1127	879
VGM001000881_02_n	1123	874
VGM001000882_01_n	1122	864
VGM001000882_02_n	1117	858
VGM001000883_01_n	1128	874
VGM001000883_02_n	1125	872
VGM001000884_01_n	1126	879
VGM001000884_02_n	1127	879
VGM001000885_01_n	1199	872
VGM001000885_02_n	1197	874
VGM001000886_01_n	1126	873
VGM001000886_02_n	1121	877
VGM001000887_01_n	1123	869
VGM001000887_02_n	1120	870
VGM001000888_01_n	888	1125
VGM001000888_02_n	881	1127
VGM001000889_01_n	1126	872
VGM001000889_02_n	1123	869
VGM001000890_01_n	1127	874
VGM001000890_02_n	1126	879
VGM001000891_01_n	873	334
VGM001000891_02_n	869	338
VGM001000892_01_n	580	876
VGM001000892_02_n	582	874
VGM001000893_01_n	1134	874
VGM001000893_02_n	1132	873
VGM001000894_01_n	1134	874
VGM001000894_02_n	1128	869
VGM001000895_01_n	581	867
VGM001000895_02_n	579	873
VGM001000896_01_n	1120	867
VGM001000896_02_n	1121	862
VGM001000897_01_n	1138	874
VGM001000897_02_n	1127	872
VGM001000898_01_n	1132	873
VGM001000898_02_n	1136	873
VGM001000899_01_n	1133	872
VGM001000899_02_n	1128	869
VGM001000900_01_n	1133	875
VGM001000900_02_n	1131	872
VGM001000901_01_n	1145	871
VGM001000901_02_n	1145	888
VGM001000902_01_n	1145	881
VGM001000902_02_n	1145	880
VGM001000903_01_n	953	759
VGM001000903_02_n	965	752
VGM001000904_01_n	1134	877
VGM001000904_02_n	1129	876
VGM001000905_01_n	1134	876
VGM001000905_02_n	1131	868
VGM001000906_01_n	1756	1141
VGM001000906_02_n	1756	1150
VGM001000907_01_n	1738	1124
VGM001000907_02_n	1733	1128
VGM001000908_01_n	1126	881
VGM001000908_02_n	1145	882
VGM001000909_01_n	1744	1136
VGM001000909_02_n	1744	1137
VGM001000910_01_n	1133	876
VGM001000910_02_n	1126	877
VGM001000911_01_n	1143	876
VGM001000911_02_n	1141	878
VGM001000912_01_n	1214	819
VGM001000912_02_n	1219	822
VGM001000913_01_n	1225	817
VGM001000913_02_n	1212	819
VGM001000914_01_n	1145	882
VGM001000914_02_n	1132	873
VGM001000915_01_n	1134	879
VGM001000915_02_n	1133	875
VGM001000916_01_n	1134	874
VGM001000916_02_n	1134	880
VGM001000917_01_n	1129	886
VGM001000917_02_n	1129	882
VGM001000918_01_n	616	455
VGM001000918_02_n	607	452
VGM001000919_01_n	963	766
VGM001000919_02_n	965	769
VGM001000920_01_n	1737	1140
VGM001000920_02_n	1748	1133
VGM001000921_01_n	1145	885
VGM001000921_02_n	1143	888
VGM001000922_01_n	884	1131
VGM001000922_02_n	892	989
VGM001000923_01_n	982	756
VGM001000923_02_n	764	970
VGM001000924_01_n	1773	1153
VGM001000924_02_n	1777	1159
VGM001000925_01_n	1143	889
VGM001000925_02_n	1145	894
VGM001000926_01_n	1617	1047
VGM001000926_02_n	1601	1042
VGM001000927_01_n	595	892
VGM001000927_02_n	590	898
VGM001000928_01_n	586	887
VGM001000928_02_n	582	889
VGM001000929_01_n	1136	893
VGM001000929_02_n	1139	885
VGM001000930_01_n	1145	890
VGM001000930_02_n	1139	889
VGM001000931_01_n	631	491
VGM001000931_02_n	627	485
VGM001000932_01_n	942	741
VGM001000932_02_n	942	743
VGM001000933_01_n	941	746
VGM001000933_02_n	946	745
VGM001000934_01_n	915	1149
VGM001000934_02_n	912	1155
VGM001000935_01_n	1607	1039
VGM001000935_02_n	1608	997
VGM001000936_01_n	1145	888
VGM001000936_02_n	1150	894
VGM001000937_01_n	1145	895
VGM001000937_02_n	1136	887
VGM001000938_01_n	1553	985
VGM001000938_02_n	1556	977
VGM001000939_01_n	1431	918
VGM001000939_02_n	1428	918
VGM001000940_01_n	1469	928
VGM001000940_02_n	1471	942
VGM001000943_01_n	1761	1136
VGM001000943_02_n	1757	1147
VGM001000943_02_nL	882	1147
VGM001000944_01_n	496	742
VGM001000944_02_n	493	740
VGM001000945_01_n	1767	1148
VGM001000945_02_n	1782	1138
VGM001000946_01_n	1145	893
VGM001000946_02_n	1145	893
VGM001000947_01_n	1145	895
VGM001000947_02_n	1139	893
VGM001000948_01_n	1427	924
VGM001000948_02_n	1425	914
VGM001000949_01_n	934	727
VGM001000949_02_n	938	725
VGM001000950_01_n	935	732
VGM001000950_02_n	937	724
VGM001000951_01_n	1432	927
VGM001000951_02_n	1429	928
VGM001000952_01_n	1145	899
VGM001000952_02_n	1145	889
VGM001000953_01_n	595	899
VGM001000953_02_n	582	897
VGM001000954_01_n	1121	887
VGM001000954_02_n	1126	891
VGM001000955_01_n	1121	868
VGM001000955_02_n	1115	856
VGM001000956_01_n	1727	1126
VGM001000956_02_n	1728	1125
VGM001000957_01_n	1732	1128
VGM001000957_02_n	1727	1128
VGM001000958_01_n	1757	1136
VGM001000958_02_n	1758	1138
VGM001000959_01_n	1115	879
VGM001000959_02_n	1120	880
VGM001000960_01_n	1135	896
VGM001000960_02_n	1125	877
VGM001000961_01_n	576	879
VGM001000961_02_n	574	886
VGM001000962_01_n	1125	888
VGM001000962_02_n	1122	882
VGM001000963_01_n	1130	879
VGM001000963_02_n	1129	885
VGM001000965_01_n	1103	859
VGM001000965_02_n	1101	859
VGM001000966_01_n	1137	878
VGM001000966_02_n	1140	886
VGM001000967_01_n	1131	892
VGM001000967_02_n	1135	898
VGM001000968_01_n	1112	857
VGM001000968_02_n	1124	870
VGM001000969_01_n	1133	870
VGM001000969_01_nR	566	870
VGM001000969_02_n	1133	879
VGM001000970_01_n	948	750
VGM001000970_02_n	934	749
VGM001000971_01_n	1090	873
VGM001000971_02_n	1084	870
VGM001000972_01_n	581	876
VGM001000972_02_n	589	886
VGM001000973_01_n	929	736
VGM001000973_02_n	925	733
VGM001000974_01_n	1129	873
VGM001000974_02_n	1134	879
VGM001000975_01_n	1758	1152
VGM001000975_02_n	1761	1145
VGM001000976_01_n	929	733
VGM001000976_02_n	930	735
VGM001000977_01_n	1438	919
VGM001000977_02_n	1431	920
VGM001000978_01_n	741	926
VGM001000978_02_n	746	932
VGM001000979_01_n	1135	885
VGM001000979_02_n	1131	887
VGM001000980_01_n	1135	879
VGM001000980_02_n	1142	888
VGM001000981_01_n	743	935
VGM001000981_02_n	745	931
VGM001000985_01_n	1062	853
VGM001000985_02_n	1068	854
VGM001000986_01_n	1062	857
VGM001000986_02_n	1058	854
VGM001000987_01_n	953	750
VGM001000987_02_n	953	750
VGM001000988_01_n	485	752
VGM001000988_02_n	487	754
VGM001000989_01_n	957	752
VGM001000989_02_n	957	750
VGM001000990_01_n	961	759
VGM001000990_02_n	963	758
VGM001000991_01_n	495	758
VGM001000991_02_n	492	754
VGM001000992_01_n	1146	872
VGM001000992_02_n	1144	875
VGM001000993_01_n	487	747
VGM001000993_02_n	479	745
VGM001000994_01_n	967	751
VGM001000994_02_n	971	753
VGM001000995_01_n	964	746
VGM001000995_02_n	966	749
VGM001000996_01_n	1150	870
VGM001000996_02_n	1152	872
VGM001000997_01_n	1099	840
VGM001000997_02_n	1103	839
VGM001000998_01_n	1126	874
VGM001000998_02_n	1128	870
VGM001000999_01_n	577	870
VGM001000999_02_n	577	869
VGM001001000_01_n	1070	870
VGM001001000_01_nL	536	870
VGM001001000_01_nR	535	870
VGM001001000_02_n	1065	863
VGM001001001_01_n	544	865
VGM001001001_02_n	545	865
VGM001001002_01_n	1102	841
VGM001001002_02_n	1097	838
VGM001001003_01_n	1070	852
VGM001001003_02_n	1077	859
VGM001001004_01_n	963	748
VGM001001004_02_n	963	750
VGM001001005_01_n	1141	875
VGM001001005_02_n	1138	873
VGM001001006_01_n	581	870
VGM001001006_02_n	585	873
VGM001001007_01_n	1061	843
VGM001001007_02_n	1050	842
VGM001001008_01_n	566	840
VGM001001008_02_n	573	837
VGM001001009_01_n	1052	841
VGM001001009_02_n	1053	843
VGM001001010_01_n	1052	840
VGM001001010_02_n	1054	844
VGM001001011_01_n	958	752
VGM001001011_02_n	961	750
VGM001001012_01_n	495	748
VGM001001012_02_n	492	749
VGM001001013_01_n	980	768
VGM001001013_01_nL	489	768
VGM001001013_02_n	978	765
VGM001001014_01_n	504	762
VGM001001014_02_n	500	767
VGM001001015_01_n	1128	874
VGM001001015_02_n	1125	873
VGM001001016_01_n	1132	876
VGM001001016_02_n	1128	875
VGM001001017_01_n	1049	843
VGM001001017_02_n	1052	848
VGM001001018_01_n	1093	836
VGM001001018_02_n	1093	835
VGM001001019_01_n	1056	841
VGM001001019_02_n	1049	840
VGM001001020_01_n	560	838
VGM001001020_02_n	563	840
VGM001001021_01_n	1032	714
VGM001001021_02_n	1036	714
VGM001001022_01_n	1096	843
VGM001001022_02_n	1100	841
VGM001001023_01_n	991	774
VGM001001023_02_n	976	768
VGM001001024_01_n	1125	877
VGM001001024_02_n	1118	875
VGM001001025_01_n	976	771
VGM001001025_02_n	980	770
VGM001001026_01_n	1128	875
VGM001001026_02_n	1125	875
VGM001001027_01_n	979	765
VGM001001027_02_n	978	765
VGM001001028_01_n	1031	710
VGM001001028_02_n	1022	709
VGM001001029_01_n	1116	856
VGM001001029_02_n	1115	857
VGM001001030_01_n	960	758
VGM001001030_02_n	952	758
VGM001001031_01_n	956	753
VGM001001031_02_n	954	755
VGM001001032_01_n	1115	850
VGM001001032_02_n	1110	855
VGM001001033_01_n	1110	848
VGM001001033_02_n	1106	851
VGM001001034_01_n	1118	854
VGM001001034_02_n	1120	856
VGM001001035_01_n	1109	851
VGM001001035_02_n	1107	853
VGM001001036_01_n	1033	714
VGM001001036_02_n	1030	715
VGM001001037_01_n	1113	854
VGM001001037_02_n	1115	856
VGM001001039_01_n	1109	849
VGM001001039_02_n	1106	850
VGM001001125_01_n	953	748
VGM001001125_02_n	952	747
VGM001001126_01_n	476	743
VGM001001126_02_n	487	748
VGM001001130_01_n	1136	884
VGM001001130_02_n	1136	882
VGM001001132_01_n	911	1150
VGM001001132_02_n	910	1153
VGM001001133_01_n	978	756
VGM001001133_02_n	979	756
VGM001001134_01_n	974	754
VGM001001134_02_n	975	754
VGM001001135_01_n	504	757
VGM001001135_02_n	500	754
VGM001001136_01_n	659	481
VGM001001136_02_n	657	484
VGM001001137_01_n	973	754
VGM001001137_02_n	970	751
VGM001001145_01_n	970	758
VGM001001145_02_n	971	759
VGM001001146_01_n	946	736
VGM001001146_02_n	943	737
VGM001001156_01_n	1759	1136
VGM001001156_02_n	1756	1135
VGM001001162_01_n	763	958
VGM001001162_02_n	757	958
VGM001001163_01_n	763	960
VGM001001163_02_n	755	955
VGM001001164_01_n	971	754
VGM001001164_02_n	973	750
VGM001001165_01_n	973	752
VGM001001165_02_n	974	749
VGM001001166_01_n	963	744
VGM001001166_02_n	965	744
VGM001001168_01_n	958	756
VGM001001168_02_n	958	754
VGM001001172_01_n	1126	889
VGM001001172_02_n	1124	888
VGM001001173_01_n	566	885
VGM001001173_02_n	568	884
VGM001001174_01_n	1120	894
VGM001001174_02_n	1126	894
VGM001001175_01_n	585	394
VGM001001175_02_n	602	401
VGM001001176_01_n	889	1131
VGM001001176_02_n	893	1132
VGM001001178_01_n	1098	888
VGM001001178_02_n	1097	881
VGM001001204_01_n	578	879
VGM001001204_02_n	572	885
VGM001001205_01_n	887	565
VGM001001205_02_n	877	569
VGM001001225_01_n	438	287
VGM001001225_02_n	438	284
VGM001001237_01_n	1141	900
VGM001001237_02_n	1142	900
VGM001001243_01_n	1127	898
VGM001001243_02_n	1124	898
VGM001001244_01_n	860	1074
VGM001001244_02_n	853	1076
VGM001001245_01_n	966	749
VGM001001245_02_n	966	748
VGM001001246_01_n	1116	897
VGM001001246_02_n	1121	897
VGM001001252_01_n	592	398
VGM001001252_02_n	592	395
VGM001001253_01_n	976	758
VGM001001253_02_n	972	763
VGM001001254_01_n	979	760
VGM001001254_02_n	974	764
VGM001001258_01_n	1110	870
VGM001001258_02_n	1115	876
VGM001001316_01_n	951	762
VGM001001316_02_n	965	764
VGM001001318_01_n	594	389
VGM001001318_02_n	599	395
VGM001001319_01_n	1183	937
VGM001001319_02_n	1207	958
VGM001001320_01_n	938	752
VGM001001320_02_n	942	754
VGM001001321_01_n	937	747
VGM001001321_02_n	937	751
VGM001001322_01_n	941	750
VGM001001322_02_n	946	743
VGM001001340_01_n	1128	867
VGM001001341_01_n	581	886
VGM001001341_02_n	589	886
VGM001001342_01_n	579	889
VGM001001342_02_n	584	893
VGM001001343_01_n	722	879
VGM001001343_02_n	725	879
VGM001001344_01_n	707	879
VGM001001344_02_n	704	879
VGM001001345_01_n	1150	895
VGM001001345_02_n	1149	893
VGM001001346_01_n	1146	896
VGM001001346_02_n	1148	896
VGM001001347_01_n	1106	864
VGM001001347_02_n	1113	867
VGM001001348_01_n	485	743
VGM001001348_02_n	484	746
VGM001001349_01_n	1127	879
VGM001001349_02_n	1125	872
VGM001001350_01_n	1121	872
VGM001001350_02_n	1125	879
VGM001001351_01_n	958	744
VGM001001351_02_n	957	742
VGM001001352_01_n	957	750
VGM001001352_02_n	956	744
VGM001001353_01_n	663	849
VGM001001354_01_n	849	202
VGM001001354_02_n	851	197
VGM001001355_01_n	589	879
VGM001001355_02_n	594	879
VGM001001356_01_n	1117	879
VGM001001356_02_n	1113	879
VGM001001357_01_n	584	430
VGM001001357_02_n	579	432
VGM001001358_01_n	499	872
VGM001001358_02_n	491	868
VGM001001359_01_n	1136	888
VGM001001359_02_n	1140	893
VGM001001475_01_n	896	601
VGM001001483_01_n	1612	1007
VGM001001483_02_n	1622	1008
VGM001001578_01_n	1143	895
VGM001001578_02_n	1145	901
VGM001001579_01_n	1125	887
VGM001001579_01_nL	562	886
VGM001001579_01_nR	562	887
VGM001001579_02_n	1121	889
VGM001001580_01_n	581	449
VGM001001580_02_n	577	448
VGM001001581_01_n	1124	879
VGM001001581_02_n	1132	888
VGM001001582_01_n	1130	884
VGM001001582_02_n	1129	883
VGM001001583_01_n	1139	888
VGM001001583_02_n	1145	891
VGM001001584_01_n	1126	884
VGM001001584_02_n	1124	882
VGM001001585_01_n	1125	884
VGM001001585_02_n	1119	880
VGM001001586_01_n	1144	882
VGM001001586_02_n	1143	881
VGM001001587_01_n	1115	885
VGM001001587_02_n	1119	879
VGM001001588_01_n	1143	887
VGM001001588_02_n	1136	886
VGM001001589_01_n	1146	890
VGM001001589_02_n	1145	889
VGM001001590_01_n	1121	888
VGM001001590_01_nL	562	888
VGM001001590_01_nR	558	888
VGM001001590_02_n	1123	890
VGM001001590_02_nL	563	890
VGM001001590_02_nR	558	890
VGM001001591_01_n	1139	885
VGM001001591_02_n	1145	889
VGM001001592_01_n	1153	891
VGM001001592_02_n	1154	890
VGM001001593_01_n	1221	903
VGM001001593_02_n	1225	903
VGM001001594_01_n	1129	884
VGM001001594_02_n	1138	886
VGM001001595_01_n	1162	897
VGM001001595_01_nR	580	897
VGM001001595_02_n	1159	897
VGM001001595_02_nL	578	897
VGM001001595_02_nR	579	897
VGM001001596_01_n	1125	890
VGM001001596_02_n	1132	889
VGM001001597_01_n	1139	884
VGM001001597_02_n	1144	887
VGM001001598_01_n	1128	880
VGM001001598_02_n	1131	886
VGM001001599_01_n	1133	884
VGM001001599_02_n	1133	888
VGM001001600_01_n	1153	893
VGM001001600_02_n	1149	895
VGM001001601_01_n	587	890
VGM001001601_02_n	589	891
VGM001001602_01_n	592	888
VGM001001602_02_n	595	894
VGM001001603_01_n	1133	878
VGM001001603_02_n	1140	891
VGM001001604_01_n	1125	885
VGM001001604_02_n	1127	883
VGM001001605_01_n	1145	898
VGM001001605_02_n	1141	899
VGM001001606_01_n	1149	900
VGM001001606_02_n	1139	893
VGM001001607_01_n	587	899
VGM001001607_02_n	589	896
VGM001001608_01_n	1118	869
VGM001001608_02_n	1120	873
VGM001001609_01_n	1120	863
VGM001001609_02_n	1124	868
VGM001001610_01_n	1157	901
VGM001001610_02_n	1148	901
VGM001001611_01_n	592	884
VGM001001611_02_n	592	888
VGM001001612_01_n	1139	879
VGM001001612_02_n	1131	869
VGM001001613_01_n	576	868
VGM001001613_02_n	580	879
VGM001001614_01_n	1136	890
VGM001001614_02_n	1127	887
VGM001001615_01_n	589	888
VGM001001615_02_n	581	884
VGM001001616_01_n	1131	874
VGM001001616_02_n	1131	877
VGM001001617_01_n	1148	902
VGM001001617_02_n	2392	1878
VGM001001617_02_nL	1196	1878
VGM001001617_02_nR	1196	1878
VGM001001618_01_n	582	895
VGM001001618_02_n	580	893
VGM001001619_01_n	576	770
VGM001001619_02_n	576	768
VGM001001620_01_n	1149	896
VGM001001620_02_n	1146	898
VGM001001621_01_n	586	886
VGM001001621_02_n	583	885
VGM001001622_01_n	1132	882
VGM001001622_02_n	1135	887
VGM001001623_01_n	1138	889
VGM001001623_02_n	1136	883
VGM001001624_01_n	1148	889
VGM001001624_02_n	1140	883
VGM001001625_01_n	1135	883
VGM001001625_02_n	1143	883
VGM001001626_01_n	1139	895
VGM001001626_02_n	1136	887
VGM001001627_01_n	1138	888
VGM001001627_02_n	1169	895
VGM001001628_01_n	475	314
VGM001001628_02_n	481	313
VGM001001629_01_n	1132	897
VGM001001629_02_n	1138	895
VGM001001630_01_n	1141	852
VGM001001630_01_nL	571	897
VGM001001630_01_nR	571	897
VGM001001630_02_n	1140	896
VGM001001630_02_nL	568	896
VGM001001630_02_nR	569	896
VGM001001631_01_n	1135	890
VGM001001631_02_n	1131	890
VGM001001632_01_n	1144	896
VGM001001632_02_n	1137	897
VGM001001633_01_n	1139	893
VGM001001633_02_n	1152	898
VGM001001634_01_n	894	579
VGM001001634_02_n	887	571
VGM001001635_01_n	1135	894
VGM001001635_02_n	1138	895
VGM001001636_01_n	581	889
VGM001001636_02_n	580	891
VGM001001637_01_n	1139	879
VGM001001637_02_n	1138	872
VGM001001638_01_n	1115	875
VGM001001638_02_n	1115	881
VGM001001638_02_nL	560	881
VGM001001638_02_nR	557	881
VGM001001639_01_n	1124	886
VGM001001639_02_n	1126	885
VGM001001640_01_n	1109	886
VGM001001640_02_n	1104	889
VGM001001641_01_n	1129	893
VGM001001641_02_n	1131	897
VGM001001642_01_n	1117	884
VGM001001642_02_n	1119	882
VGM001001643_01_n	967	758
VGM001001643_02_n	966	757
VGM001001644_01_n	1123	889
VGM001001644_02_n	1131	894
VGM001001645_01_n	1115	886
VGM001001645_02_n	1133	906
VGM001001646_01_n	1130	900
VGM001001646_02_n	1116	887
VGM001001647_01_n	571	891
VGM001001647_02_n	574	892
VGM001001648_01_n	1116	904
VGM001001648_02_n	1113	893
VGM001001649_01_n	1107	888
VGM001001649_02_n	1107	891
VGM001001650_01_n	1116	888
VGM001001650_02_n	1111	891
VGM001001651_01_n	1122	843
VGM001001651_02_n	1115	834
VGM001001652_01_n	585	892
VGM001001652_02_n	582	893
VGM001001653_01_n	1044	839
VGM001001653_02_n	1056	838
VGM001001654_01_n	1126	891
VGM001001654_02_n	1130	894
VGM001001656_01_n	759	873
VGM001001656_02_n	764	875
VGM001001657_01_n	450	257
VGM001001657_02_n	454	254
VGM001001658_01_n	464	310
VGM001001658_02_n	469	316
VGM001001659_01_n	378	294
VGM001001659_02_n	375	284
VGM001001660_01_n	362	263
VGM001001660_02_n	362	262
VGM001001661_01_n	614	608
VGM001001661_02	608	620
VGM001001661_02_n	608	620
VGM001001662_01_n	255	413
VGM001001662_02_n	261	418
VGM001001663_01_n	252	415
VGM001001663_02_n	260	417
VGM001001664_01_n	649	313
VGM001001664_02_n	654	323
VGM001001665_01_n	250	244
VGM001001665_02_n	255	247
VGM001001666_01_n	266	383
VGM001001666_02_n	266	388
VGM001001667_01_n	896	569
VGM001001667_02_n	895	575
VGM001001668_01_n	753	563
VGM001001668_02_n	782	584
VGM001001669_01_n	278	374
VGM001001669_02_n	293	393
VGM001001670_01_n	481	300
VGM001001670_02_n	491	309
VGM001001671_01_n	331	502
VGM001001671_02_n	339	500
VGM001001672_01_n	449	585
VGM001001672_02_n	463	597
VGM001001673_01_n	452	423
VGM001001673_02_n	460	439
VGM001001674_01_n	886	465
VGM001001674_02_n	908	484
VGM001001675_01_n	510	399
VGM001001676_01_n	489	844
VGM001001676_02_n	489	846
VGM001001677_01_n	275	303
VGM001001677_02_n	288	312
VGM001001678_01_n	475	327
VGM001001678_02_n	483	338
VGM001001679_01_n	887	505
VGM001001679_02_n	908	515
VGM001001680_01_n	479	835
VGM001001680_02_n	478	845
VGM001001681_01_n	740	445
VGM001001681_02_n	732	441
VGM001001682_01_n	439	639
VGM001001682_02_n	870	655
VGM001001682_03_n	855	682
VGM001001682_04_n	855	660
VGM001001682_05_n	873	655
VGM001001682_06_n	867	655
VGM001001682_07_n	875	661
VGM001001682_08_n	863	652
VGM001001682_09_n	863	658
VGM001001682_10_n	869	657
VGM001001682_11_n	879	667
VGM001001682_12_n	851	653
VGM001001682_13_n	432	651
VGM001002251_01_n	770	949
VGM001002251_02_n	771	939
VGM001002252_01_n	767	940
VGM001002252_02_n	763	945
VGM001002253_01_n	841	547
VGM001002253_02_n	846	540
VGM001002254_01_n	494	374
VGM001002254_02_n	504	381
VGM001002255_01_n	519	404
VGM001002255_02_n	521	405
VGM001003336_01_n	1155	901
VGM001003336_02_n	1159	903
VGM001003384_01_n	1012	783
VGM001003384_02_n	986	765
VGM001003385_01_n	1018	820
VGM001003385_02_n	993	810
VGM001003386_01_n	1016	773
VGM001003386_02_n	1024	778
VGM001003512_01_n	499	760
VGM001003512_02_n	502	765
VGM001003517_01_n	516	762
VGM001003517_02_n	508	763
VGM001004167_01_n	643	487
VGM001004167_02_n	636	491
VGM001004467_01_n	591	383
VGM001004467_02_n	592	383
VGM001005012_01_n	1112	853
VGM001005012_02_n	1132	861
VGM001007864_01_n	466	306
VGM001007864_02_n	468	314
VGM001014938_01_n	629	485
VGM001014938_02_n	631	488
brief1a-1r	1355	907
brief1a-1v	1355	907
brief43-1r	819	464
brief43-1v-l	619	679
brief570-2r	720	460
brief768-2r	922	1447
